"SYMBOL","PURPOSE","VALUE","EX_DATE"
"3IINFOTECH","AGM/DIV.-RE.1/- PER SHARE","1","2005-06-30"
"3IINFOTECH","AGM/DIV-RS.1.50 PER SHARE","1.5","2008-07-07"
"3IINFOTECH","AGM/DIV-RS.1.50 PER SHARE","1.5","2009-07-09"
"3IINFOTECH","DIVIDEND-RS.1.50 PER SHARE","1.5","2010-07-08"
"3IINFOTECH","AGM/DIV-RS.2/- PER SH","2","2006-06-30"
"3IINFOTECH","AGM/DIVIDEND-RS.2 PER SH","2","2007-07-05"
"ABAN","AGM/DIV-RS.3.60 PER SHARE","3.6","2009-09-08"
"ABAN","ANNUAL GENERAL MEETING AND DIVIDEND RS.3.60 PER SHARE","3.6","2010-09-15"
"ABAN","DIVIDEND-100%","100.00%","2005-08-22"
"ABAN","AGM/DIVIDEND-130%        PURPOSE REVISED","130.00%","2006-07-06"
"ABAN","DIVIDEND-150%","150.00%","2007-08-08"
"ABAN","DIVIDEND - 180%","180.00%","2008-09-08"
"ABB","AGM/DIV-RS.2/- PER SHARE","2","2010-05-03"
"ABB","ANNUAL GENERAL MEETING AND DIVIDEND - RS.2/- PER SHARE","2","2011-05-02"
"ABB","AGM/DIV-RS.2.20 PER SHARE","2.2","2009-05-11"
"ABB","AGM/DIV-RS2.20 PER SHARE","2.2","2008-05-26"
"ABB","AGM/DIV-RS.8/- PER SH","8","2006-05-12"
"ABB","AGM/DIV-RS.10/- PER SH","10","2007-05-14"
"ABGSHIP","AGM/DIV-RS.1.50/- PER SH","1.5","2007-09-20"
"ABGSHIP","ANNUAL GENERAL MEETING AND DIVIDEND RS.4/- PER SHARE","4","2010-09-16"
"ABGSHIP","AGM/DIVIDEND - 20%","20.00%","2008-09-11"
"ABIRLANUVO","AGM/ DIV-RS.4/- PER SHARE","4","2005-06-09"
"ABIRLANUVO","AGM/DIV-RS.4/- PER SHARE","4","2009-07-02"
"ABIRLANUVO","AGM/DIV-RS.5/- PER SH","5","2006-08-08"
"ABIRLANUVO","AGM/DIV-RS.5.75 PER SHARE","5.75","2008-07-03"
"ABIRLANUVO","INTERIM DIVIDEND-55%     PURPOSE REVISED","55.00%","2007-03-20"
"ACC","AGM/DIVIDEND-RS8/- PER SH","8","2006-03-29"
"ACC","AGM/DIV-RS.10/- PER SHARE","10","2009-03-24"
"ACC","AGM/DIVIDEND - RS10 PR SH","10","2008-04-10"
"ACC","INT DIV - RS.10 PER SHAREPURPOSE REVISED","10","2008-07-31"
"ACC","INTERIM DIVIDEND-RS.10/- PER SHARE (PURPOSE REVISED)","10","2010-07-28"
"ACC","AGM/DIV-RS.15/- PER SH","15","2007-03-14"
"ACC","FINAL DIVIDEND RS.13/- PER SHARE AND ONE TIME SPECIAL DIVIDEND RS.7.50/- PER SHARE","21.5","2011-03-29"
"ADANIENT","AGM/DIV-RE.1/- PER SHARE","1","2009-08-20"
"ADANIENT","ANNUAL GENERAL MEETING AND DIVIDEND RE.1/- PER SHARE","1","2010-08-12"
"ADANIENT","AGM/DIVIDEND-40%","40.00%","2005-08-05"
"ADANIENT","AGM/FINAL DIVIDEND-45%","45.00%","2006-07-24"
"ADANIENT","INTERIM DIVIDEND-45%     PURPOSE REVISED","45.00%","2007-03-22"
"ADANIENT","AGM/DIVIDEND - 60%","60.00%","2008-09-18"
"ALBK","AGM/DIV-RS.2.50 PER SHARE","2.5","2009-05-19"
"ALBK","AGM/DIVIDEND RS 5.50 PER SHARE/ ELECTION OF  DIRECTOR","5.5","2010-05-13"
"ALBK","ANNUAL GENERAL MEETING AND DIVIDEND RS.6/- PER SHARE","6","2011-05-12"
"ALBK","AGM/EGM/FIN DIVIDEND-15%","15.00%","2005-06-02"
"ALBK","AGM/DIVIDEND - 30%","30.00%","2007-06-07"
"ALBK","AGM/DIVIDEND - 35%       PURPOSE REVISED","35.00%","2008-05-29"
"ALBK","AGM/FINAL DIVIDEND-40%","40.00%","2006-06-29"
"ALOKTEXT","ANNUAL GENERAL MEETING AND DIVIDEND RE.0.25 PER SHARE","0.25","2010-09-08"
"ALOKTEXT","INT DIV-RS.0.75 PER SHAREPURPOSE REVISED","0.75","2009-04-28"
"ALOKTEXT","AGM/DIVIDEND - 12%","12.00%","2008-09-18"
"ALOKTEXT","AGM/DIVIDEND-12%","12.00%","2006-09-18"
"ALOKTEXT","AGM/DIVIDEND-12%","12.00%","2005-09-15"
"ALOKTEXT","AGM/DIVIDEND-14%","14.00%","2007-09-14"
"AMBUJACEM","FINAL DIVIDEND-RE.1 PR SH","1","2008-02-14"
"AMBUJACEM","DIVIDEND-RS.1.20 PR SHARE","1.2","2010-02-18"
"AMBUJACEM","INT DIV-RS.1.20 PER SHARE","1.2","2009-08-04"
"AMBUJACEM","INTERIM DIVIDEND-RS.1.20 PER SHARE","1.2","2010-08-05"
"AMBUJACEM","FINAL DIVIDEND-RS.1.40 PER SHARE","1.4","2011-02-11"
"AMBUJACEM","DIV INT-RS1.20+SPL-RS1.30","2.5","2007-08-03"
"AMBUJACEM","DIVIDEND-30%","30.00%","2005-08-17"
"AMBUJACEM","FINAL DIVIDEND-40%","40.00%","2007-02-21"
"AMBUJACEM","FINAL DIVIDEND - 50%","50.00%","2009-02-18"
"AMBUJACEM","INTERIM DIVIDEND-50%","50.00%","2006-05-04"
"AMBUJACEM","INTERIM DIVIDEND - 60%","60.00%","2008-08-08"
"AMBUJACEM","INTERIM DIVIDEND-75%","75.00%","2006-11-02"
"ANDHRABANK","AGM/DIV-RS.4.50 PER SHARE","4.5","2009-06-12"
"ANDHRABANK","ANNUAL GENERAL MEETING AND DIVIDEND RS.5/- PER SHARE","5","2010-06-03"
"ANDHRABANK","ANNUAL GENERAL MEETING AND DIVIDEND RS.5.50 PER SHARE","5.5","2011-06-15"
"ANDHRABANK","DIVIDEND-15%             PURPOSE REVSIED","15.00%","2005-05-11"
"ANDHRABANK","AGM/FINAL DIVIDEND-18%","18.00%","2007-06-19"
"ANDHRABANK","AGM/DIVIDEND - 20%","20.00%","2008-06-10"
"ANDHRABANK","INTERIM DIVIDEND - 20%   PURPOSE REVISED","20.00%","2008-03-14"
"ANDHRABANK","INTERIM DIVIDEND-20%     PURPOSE REVISED","20.00%","2007-03-22"
"ANDHRABANK","DIVIDEND-35%","35.00%","2006-05-12"
"APIL","AGM/DIV-RS.4/- PER SH","4","2006-07-14"
"APIL","AGM/ DIV.-RS.5.50/-PER SH","5.5","2005-07-15"
"APIL","AGM/DIV-RS.8 PER SHARE","8","2008-07-15"
"APIL","AGM/DIV-RS.10/- PER SHARE","10","2009-07-13"
"APIL","ANNUAL GENERAL MEETING AND DIVIDEND RS.10/- PER SHARE","10","2011-06-29"
"APIL","AGM/DIVIDEND-100%","100.00%","2007-07-13"
"APOLLOTYRE","AGM/DIV-RE0.45 PER SHARE","0.45","2009-06-29"
"APOLLOTYRE","ANNUAL GENERAL MEETING AND DIVIDEND RE.0.75 PER SHARE","0.75","2010-07-14"
"APOLLOTYRE","AGM/DIV-RS.4.50 PER SH","4.5","2006-08-21"
"APOLLOTYRE","INT DIV-RS.4.50 PER SHARE","4.5","2007-03-23"
"APOLLOTYRE","AGM/DIVIDEND - 50%","50.00%","2008-06-27"
"AREVAT&D","DIVIDEND-RS.1.80 PER SHARE","1.8","2011-04-26"
"AREVAT&D","DIVIDEND-RS.1.80 PR SHARE","1.8","2010-04-13"
"AREVAT&D","AGM/DIVIDEND - 90%       BC DATES REVISED","90.00%","2009-04-29"
"ASHOKLEY","AGM/DIV-RE.1/- PER SHARE","1","2009-07-14"
"ASHOKLEY","ANNUAL GENERAL MEETING AND DIVIDEND RS.1.50 PER SHARE","1.5","2010-07-16"
"ASHOKLEY","ANNUAL GENERAL MEETING AND DIVIDEND RS.2/- PER SHARE","2","2011-06-29"
"ASHOKLEY","AGM/DIVIDEND-100%","100.00%","2005-07-07"
"ASHOKLEY","AGM/DIVIDEND-120%","120.00%","2006-07-12"
"ASHOKLEY","AGM/DIVIDEND - 150%","150.00%","2008-07-16"
"ASHOKLEY","INTERIM DIVIDEND-150%    PURPOSE REVISED","150.00%","2007-03-28"
"ASIANPAINT","INT DIV-RS.6.50 PER SH   PURPOSE REVISED","6.5","2007-10-25"
"ASIANPAINT","2ND INT DIV-RS6.50 PER SHPURPOSE REVISED","6.5","2007-03-20"
"ASIANPAINT","INT DIV-RS.8.50 PER SHAREPURPOSE REVISED","8.5","2009-10-26"
"ASIANPAINT","INTERIM DIVIDEND-RS.8.50 PER SHARE (PURPOSE REVISED)","8.5","2010-10-29"
"ASIANPAINT","AGM/DIV-RS.11/- PER SHARE","11","2009-06-17"
"ASIANPAINT","ANNUAL GENERAL MEETING AND DIVIDEND RS.18.50 PER SHARE","18.5","2010-06-30"
"ASIANPAINT","ANNUAL GENERAL MEETING AND DIVIDEND RS.23.50 PER SHARE","23.5","2011-06-09"
"ASIANPAINT","AGM/DIVIDEND - 10%","10.00%","2007-06-13"
"ASIANPAINT","AGM/DIVIDEND - 105%","105.00%","2008-06-12"
"ASIANPAINT","AGM/FINAL DIVIDEND-55%","55.00%","2005-06-22"
"ASIANPAINT","INTERIM DIVIDEND-55%     PURPOSE REVISED","55.00%","2006-11-03"
"ASIANPAINT","INTERIM DIVIDEND - 65%   PURPOSE REVISED","65.00%","2008-10-29"
"ASIANPAINT","AGM/DIV FIN-55% + SPL-25%","80.00%","2006-06-15"
"AUROPHARMA","AGM/DIV-RS.1.50 PER SHARE","1.5","2009-12-16"
"AUROPHARMA","ANNUAL GENERAL MEETING AND DIVIDEND RS.2/- PER SHARE","2","2010-09-13"
"AUROPHARMA","INTERIM DIVIDEND - RS 5 PER SHARE","5","2010-11-11"
"AUROPHARMA","AGM/DIVIDEND-10%","10.00%","2005-09-20"
"AUROPHARMA","AGM/DIVIDEND-30%","30.00%","2006-09-08"
"AUROPHARMA","AGM/DIVIDEND-50%","50.00%","2007-09-14"
"AUROPHARMA","INTERIM DIVIDEND - 60%   PURPOSE REVISED","60.00%","2009-02-05"
"AUROPHARMA","AGM/DIVIDEND - 65%","65.00%","2008-08-11"
"AXISBANK","AGM/DIV-RS.12/- PER SHARE","12","2010-05-20"
"AXISBANK","ANNUAL GENERAL MEETING AND DIVIDEND RS.14/- PER SHARE","14","2011-06-08"
"AXISBANK","AGM/DIVIDEND - 100%","100.00%","2009-05-14"
"AXISBANK","AGM/DIVIDEND-35%","35.00%","2006-05-16"
"AXISBANK","AGM/DIVIDEND-45%","45.00%","2007-05-17"
"AXISBANK","AGM/DIVIDEND - 60%","60.00%","2008-05-22"
"BAJAJ-AUTO","AGM/DIV.RS.22/-PER SHARE","22","2009-07-02"
"BAJAJ-AUTO","ANNUAL GENERAL MEETING / DIVIDEND RS.40/- PER SHARE","40","2010-07-08"
"BAJAJ-AUTO","ANNUAL GENERAL MEETING AND DIVIDEND RS.40/- PER SHARE","40","2011-06-29"
"BAJAJ-AUTO","AGM/DIVIDEND - 200%","200.00%","2008-06-27"
"BAJAJHIND","ANNUAL GENERAL MEETING AND DIVIDEND OF RE. 0.70 PER SHARE.","0.7","2011-03-10"
"BAJAJHIND","AGM/DIV-RE.0.70 PER SHARE","0.7","2010-03-11"
"BAJAJHIND","AGM/DIVIDEND-50%","50.00%","2006-03-16"
"BAJAJHIND","AGM/DIVIDEND - 60%","60.00%","2009-03-12"
"BAJAJHIND","AGM/DIVIDEND - 60%","60.00%","2008-02-14"
"BAJAJHIND","AGM/DIVIDEND-60%","60.00%","2007-03-15"
"BAJAJHLDNG","AGM/DIV.-RS.10/-PER SHARE","1","2009-07-02"
"BAJAJHLDNG","AGM/DIV - RS.25/- PER SH","25","2005-06-29"
"BAJAJHLDNG","ANNUAL GENERAL MEETING / DIVIDEND RS 30 PER SHARE","30","2010-07-08"
"BAJAJHLDNG","ANNUAL GENERAL MEETING AND DIVIDEND RS.35/- PER SHARE","35","2011-06-29"
"BAJAJHLDNG","AGM/DIV-RS.40/- PER SH","40","2007-06-28"
"BAJAJHLDNG","AGM/DIV-RS.40/- PER SH","40","2006-06-29"
"BAJAJHLDNG","AGM/DIVIDEND - 200%","200.00%","2008-06-27"
"BALRAMCHIN","AGM/DIV-RS.3/- PER SHARE","3","2010-01-12"
"BALRAMCHIN","AGM/DIVIDEND - 150%","150.00%","2006-12-22"
"BALRAMCHIN","AGM/DIVIDEND-160%","160.00%","2005-07-11"
"BALRAMCHIN","INTERIM DIVIDEND-200%    PURPOSE REVISED","200.00%","2006-05-16"
"BALRAMCHIN","AGM / DIVIDEND - 50%","50.00%","2009-01-16"
"BANKBARODA","AGM/DIV.RS.9/- PER SHARE","900.00%","2009-06-18"
"BANKBARODA","ANNUAL GENERAL MEETING AND DIVIDEND RS.15/- PER SHARE","15","2010-06-24"
"BANKBARODA","ANNUAL GENERAL MEETING AND DIVIDEND RS.16.50 PER SHARE","16.5","2011-06-23"
"BANKBARODA","AGM/DIVIDEND-30%","30.00%","2007-06-21"
"BANKBARODA","INTERIM DIVIDEND-30%     PURPOSE REVISED","30.00%","2007-03-22"
"BANKBARODA","DIVIDEND-50%","50.00%","2006-06-29"
"BANKBARODA","AGM/DIVIDEND - 80%","80.00%","2008-07-17"
"BANKINDIA","AGM/DIV-RS.5/- PER SHARE","5","2009-07-02"
"BANKINDIA","ANNUAL GENERAL MEETING AND DIVIDEND RS.7/- PER SHARE","7","2010-07-08"
"BANKINDIA","AGM/DIVIDEND-10%","10.00%","2005-06-30"
"BANKINDIA","AGM/DIVIDEND-15%","15.00%","2007-06-29"
"BANKINDIA","DIVIDEND -20%","20.00%","2006-12-19"
"BANKINDIA","AGM/DIVIDEND-30%","30.00%","2006-07-04"
"BANKINDIA","INTERIM DIVIDEND - 30%   PURPOSE REVISED","30.00%","2009-03-13"
"BANKINDIA","AGM/DIVIDEND - 40%","40.00%","2008-07-03"
"BATAINDIA","AGM/DIV-RS.3/- PER SHARE","3","2010-05-06"
"BATAINDIA","ANNUAL GENERAL MEETING AND DIVIDEND RS.4/- PER SHARE","4","2011-06-10"
"BATAINDIA","AGM/FIN DIV-15%+AD DIV-5%BC DATES REVISED","20.00%","2008-05-29"
"BATAINDIA","AGM/DIVIDEND - 25%","25.00%","2009-05-07"
"BEL","INT DIV-RS.6 PER SHARE   PURPOSE REVISED","6","2009-01-28"
"BEL","INTERIM DIVIDEND-RS.6/- PER SHARE (PURPOSE REVISED)","6","2011-02-02"
"BEL","AGM/DIV-RS.12.70 PR SHARE","12.7","2009-09-14"
"BEL","ANNUAL GENERAL MEETING AND DIVIDEND RS.13.20 PER SHARE","13.2","2010-09-13"
"BEL","AGM/DIVIDEND-106%","106.00%","2006-09-01"
"BEL","AGM/FINAL DIVIDEND-140%","140.00%","2007-09-07"
"BEL","AGM/DIVIDEND - 147%","147.00%","2008-09-12"
"BEL","AGM/DIVIDEND-72%","72.00%","2005-08-31"
"BEML","ANNUAL GENERAL MEETING AND DIVIDEND RS.10/- PER SHARE","10","2010-08-09"
"BEML","INTERIM DIVIDEND-40%","40.00%","2007-02-13"
"BEML","INTERIM DIVIDEND - 55%","55.00%","2008-03-04"
"BEML","AGM/DIVIDEND - 65%","65.00%","2008-09-25"
"BEML","AGM/DIVIDEND-70%","70.00%","2006-09-18"
"BEML","2ND INTERIM DIVIDEND-80%","80.00%","2007-07-11"
"BEML","AGM/DIVIDEND-85%","85.00%","2005-09-19"
"BGRENERGY","AGM/DIV-RS.3/- PER SHARE","3","2009-09-07"
"BGRENERGY","ANNUAL GENERAL MEETING AND DIVIDEND RS.7/- PER SHARE","7","2010-09-16"
"BGRENERGY","AGM/DIVIDEND - 20%","20.00%","2008-09-11"
"BHARATFORG","SPL RS10 TO RS2 /DIV-125%","125.00%","2005-07-20"
"BHARATFORG","DIVIDEND-150%","150.00%","2006-07-20"
"BHARATFORG","DIVIDEND - 175%","175.00%","2008-07-31"
"BHARATFORG","DIVIDEND-175%","175.00%","2007-07-19"
"BHARTIARTL","ANNUAL GENERAL MEETING AND DIVIDEND RE.1/- PER SHARE","1","2010-08-18"
"BHARTIARTL","AGM/DIV-RS.2/FV RS10TORS5","5","2009-07-24"
"BHEL","AGM/DIV-RS.8/- PER SHARE","8","2009-09-01"
"BHEL","ANNUAL GENERAL MEETING AND FINAL DIVIDEND RS.12.30 PER SHARE","12.3","2010-09-01"
"BHEL","INTERIM DIVIDEND RS.13.25 PER SHARE (PURPOSE REVISED)","13.25","2011-03-18"
"BHEL","INTERIM DIVIDEND-125%","125.00%","2007-02-13"
"BHEL","AGM/DIVIDEND-20%","20.00%","2006-09-01"
"BHEL","AGM/DIVIDEND-45%","45.00%","2005-09-06"
"BHEL","AGM/FINAL DIVIDEND-60%","60.00%","2007-08-30"
"BHEL","AGM/FINAL DIVIDEND- 62.5%","62.50%","2008-09-01"
"BHEL","INTERIM DIVIDEND - 90%","90.00%","2009-02-17"
"BHUSANSTL","AGM/DIV-RS.2.50 PER SHARE","2.5","2009-09-17"
"BHUSANSTL","ANNUAL GENERAL MEETING / DIVIDEND RS.2.50 PER SHARE AND FACE VALUE SPLIT FROM RS.10/- TO RS.2/-","2.5","2010-09-21"
"BHUSANSTL","AGM/DIVIDEND-15%","15.00%","2005-09-08"
"BHUSANSTL","AGM/DIVIDEND - 25%","25.00%","2008-09-17"
"BHUSANSTL","AGM/DIVIDEND-25%","25.00%","2007-09-11"
"BHUSANSTL","AGM/DIVIDEND-25%","25.00%","2006-09-14"
"BIOCON","INTERIM DIVIDEND-RS.1.50 PER SHARE (PURPOSE REVISED)","1.5","2011-05-05"
"BIOCON","AGM/FIN DIV-RS2.50 PER SH","2.5","2006-06-29"
"BIOCON","AGM/DIV-RS.3/- PER SHARE BC START DATE REVISED","3","2009-07-08"
"BIOCON","ANNUAL GENERAL MEETING AND DIVIDEND RS.3.50 PER SHARE","3.5","2010-07-08"
"BIOCON","FIN DIV-60% + SPL DIV-40%","100.00%","2008-07-03"
"BIOCON","DIVIDEND-40%","40.00%","2005-06-29"
"BIOCON","AGM/DIVIDEND - 60%","60.00%","2007-06-28"
"BOMDYEING","DIVIDEND-RS.2.50 PER SHARE","2.5","2010-07-30"
"BOMDYEING","AGM/DIV-RS.3.50 PER SHAREBC END DATE REVISED","3.5","2008-08-08"
"BOMDYEING","AGM/DIV-RS.5/- PER SH","5","2007-07-03"
"BOMDYEING","AGM/DIVIDEND-RS.5/-PER SH","5","2006-07-04"
"BOSCHLTD","AGM/FIN DIV-RS.4/- PER SH","4","2007-05-14"
"BOSCHLTD","AGM/FIN DIV-RS.12 PER SH","12","2006-04-28"
"BOSCHLTD","AGM/DIV-RS.25/- PER SHARE","25","2009-05-07"
"BOSCHLTD","AGM/DIV-RS25 PER SHARE","25","2008-05-14"
"BOSCHLTD","AGM/DIV-RS.30/- PER SHARE","30","2010-05-13"
"BOSCHLTD","DIVIDEND - RS. 40 PER SHARE","40","2011-05-12"
"BOSCHLTD","SPECIAL DIVIDEND RS.85/- PER SHARE","85","2011-06-23"
"BPCL","AGM/DIV-RS.7/- PER SHARE","7","2009-08-26"
"BPCL","ANNUAL GENERAL MEETING AND DIVIDEND RS.14/- PER SHARE","14","2010-09-08"
"BPCL","AGM/FINAL DIVIDEND-100%","100.00%","2007-09-04"
"BPCL","DIVIDEND-25%","25.00%","2006-11-15"
"BPCL","AGM/DIVIDEND - 40%","40.00%","2008-09-10"
"BPCL","INTERIM DIVIDEND - 60%","60.00%","2007-01-15"
"BRFL","AGM/DIV-RE.1/- PER SH","1","2006-08-17"
"BRFL","AGM/FIN DIV-RS1.25 PER SH","1.25","2007-08-16"
"BRFL","AGM/DIV-RS.1.50 PER SHARE","1.5","2009-09-17"
"BRFL","ANNUAL GENERAL MEETING AND DIVIDEND RS.1.50 PER SHARE","1.5","2010-09-14"
"BRFL","AGM/DIVIDEND - 15%","15.00%","2008-09-18"
"CANBK","AGM/DIV-RS.8/- PER SHARE","8","2009-07-08"
"CANBK","ANNUAL GENERAL MEETING/DIVIDEND RS.10/- PER SHARE/ELECTION OF DIRECTORS","10","2010-06-14"
"CANBK","AGM/DIVIDEND-30%","30.00%","2005-07-26"
"CANBK","AGM/DIVIDEND-66%","66.00%","2006-06-14"
"CANBK","AGM/DIV-70%/ELEC. OF DIR","70.00%","2007-06-26"
"CANBK","AGM/DIVIDEND-80%","80.00%","2008-06-10"
"CENTRALBK","FINAL DIVIDEND-RE.1.20 PER SHARE","1.2","2010-07-08"
"CENTRALBK","AGM/DIV-RS.2 PER SHARE","2","2008-07-22"
"CENTRALBK","AGM/DIV-RS.2/- PER SHARE","2","2009-07-27"
"CENTURYTEX","AGM/DIV-RS.4.50 PR SHARE","4.5","2009-07-10"
"CENTURYTEX","ANNUAL GENERAL MEETING AND DIVIDEND RS.5.50 PER SHARE","5.5","2010-07-12"
"CENTURYTEX","AGM / DIVIDEND-25%","25.00%","2005-07-05"
"CENTURYTEX","AGM/DIVIDEND-30%","30.00%","2006-06-20"
"CENTURYTEX","INTERIM DIVIDEND-37.5%   PURPOSE REVISED","37.50%","2007-03-20"
"CENTURYTEX","AGM/DIVIDEND - 45%","45.00%","2008-07-07"
"CESC","AGM/DIV-RS.4/- PER SHARE","4","2009-07-09"
"CESC","ANNUAL GENERAL MEETING AND DIVIDEND RS.4/- PER SHARE","4","2010-07-08"
"CESC","AGM/DIVIDEND-25%","25.00%","2005-07-14"
"CESC","AGM/DIVIDEND-25%","25.00%","2006-07-06"
"CESC","AGM/DIVIDEND-35%","35.00%","2007-07-12"
"CESC","AGM/DIVIDEND - 40%","40.00%","2008-07-17"
"CHAMBLFERT","DIVIDEND-RS.1.80 PR SHARE","1.8","2009-07-31"
"CHAMBLFERT","DIVIDEND-RS.1.90 PER SHARE","1.9","2010-07-30"
"CHAMBLFERT","DIVIDEND - 18%","18.00%","2008-07-30"
"CHAMBLFERT","DIVIDEND-18%","18.00%","2006-07-17"
"CHAMBLFERT","DIVIDEND-18%","18.00%","2005-09-29"
"CHAMBLFERT","DIVIDEND-18%","18.00%","2007-07-16"
"CHENNPETRO","ANNUAL GENERAL MEETING AND DIVIDEND RS.12/- PER SHARE","12","2010-08-20"
"CHENNPETRO","AGM/DIVIDEND - 120%","120.00%","2008-08-22"
"CHENNPETRO","AGM/DIVIDEND-120%","120.00%","2005-08-11"
"CHENNPETRO","AGM/DIVIDEND-120%        BC REVISED","120.00%","2007-08-24"
"CHENNPETRO","INTERIM DIVIDEND-50%","50.00%","2008-05-29"
"CHENNPETRO","AGM/DIVIDEND-90%","90.00%","2006-08-16"
"CIPLA","SPECIAL INTERIM DIVIDEND RE.0.80 PER SHARE","0.8","2010-09-03"
"CIPLA","AGM/DIV-RS.2/- PER SH","2","2007-08-08"
"CIPLA","AGM/DIV-RS.2/- PER SH","2","2006-08-18"
"CIPLA","AGM/DIV-RS.2/- PER SHARE","2","2009-08-10"
"CIPLA","ANNUAL GENERAL MEETING AND DIVIDEND RS.2/- PER SHARE","2","2010-07-23"
"CIPLA","DIVIDEND - RS.2 PER SHARE","2","2008-08-12"
"CIPLA","AGM/DIV-RS.3.5/- PER SH  PURPOSE REVISED","3.5","2005-08-19"
"COLPAL","2ND INTERIM DIVIDEND RS.5/- PER SHARE (PURPOSE REVISED)","5","2010-12-14"
"COLPAL","AGM/DIV-RS.7 PER SHARE","7","2008-07-08"
"COLPAL","3RD INTERIM DIVIDEND-RS.7/- PER SHARE (PURPOSE REVISED)","7","2011-03-30"
"COLPAL","1ST INTERIM DIVIDEND RS.8/- PER SHARE (PURPOSE REVISED)","8","2011-06-13"
"COLPAL","1ST INT DIV-RS.9 PER SH  PURPOSE REVISED","9","2008-12-12"
"COLPAL","1ST INTERIM DIVIDEND-RS.10/- PER SHARE (PURPOSE REVISED)","10","2010-08-17"
"CONCOR","AGM/DIV-RS. 7.50/- PER SH","7.5","2008-08-12"
"CONCOR","INTERIM DIVIDEND-RS.7.50 PER SHARE","7.5","2011-01-28"
"CONCOR","INTERIM DIV- RS.11 PER SH","11","2008-02-14"
"CONCOR","AGM/DIVIDEND-110%","110.00%","2007-08-08"
"CONCOR","INTERIM DIVIDEND-110%","110.00%","2007-01-31"
"CONCOR","INTERIM DIVIDEND - 60%","60.00%","2009-02-09"
"CONCOR","AGM/FINAL DIVIDEND-80%","80.00%","2006-08-16"
"CONCOR","AGM/DIVIDEND-85%","85.00%","2005-09-14"
"COREPROTEC","ANNUAL GENERAL MEETING AND DIVIDEND RE.0.60 PER SHARE","0.6","2010-09-23"
"COREPROTEC","AGM/DIV-RE.0.60 PER SHARE","0.6","2009-09-17"
"COREPROTEC","AGM/DIVIDEND - 10%","10.00%","2008-07-24"
"COREPROTEC","AGM/DIV-5%/SPL-RS10TORS2 PURPOSE REVISED","5.00%","2007-06-06"
"CROMPGREAV","3RD INTERIM DIVIDEND-RE.0.60 PER SHARE (PURPOSE REVISED)","0.6","2011-03-28"
"CROMPGREAV","INTERIM DIV-RS.0.80 PR SHPURPOSE REVISED","0.8","2008-02-04"
"CROMPGREAV","INTERIM DIVIDEND-RE.0.80 PER SHARE (PURPOSE REVISED)","0.8","2010-10-29"
"CROMPGREAV","INT DIV-RE.0.80 PER SHAREPURPOSE REVISED","0.8","2009-10-30"
"CROMPGREAV","2ND INTERIM DIVIDEND-RE.0.80 PER SHARE (PURPOSE REVISED)","0.8","2011-02-03"
"CROMPGREAV","2ND INT DIV-RS.1.40 PR SHPURPOSE REVISED","1.4","2010-02-04"
"CROMPGREAV","INTERIM DIVIDEND-20%     PURPOSE REVISED","20.00%","2006-10-26"
"CROMPGREAV","INTERIM DIVIDEND-20%     PURPOSE REVISED","20.00%","2007-11-02"
"CROMPGREAV","3RD INT DIV - 20%        PURPOSE REVISED","20.00%","2008-04-03"
"CROMPGREAV","INTERIM DIVIDEND-25%     PURPOSE REVISED","25.00%","2007-02-01"
"CROMPGREAV","3RD INTERIM DIVIDEND-25% PURPOSE REVISED","25.00%","2007-03-23"
"CROMPGREAV","3RD INTERIM DIVIDEND-25% PURPOSE REVISED","25.00%","2009-03-30"
"CROMPGREAV","INTERIM DIVIDEND - 35%   PURPOSE REVISED","35.00%","2008-10-27"
"CROMPGREAV","INTERIM DIVIDEND - 40%   PURPOSE REVISED","40.00%","2009-01-29"
"CUMMINSIND","INTERIM DIV- RS.2 PER SH","2","2008-02-14"
"CUMMINSIND","AGM/DIV-RS.2.60/-PERSHARE","2.6","2009-07-23"
"CUMMINSIND","ANNUAL GENERAL MEETING AND DIVIDEND RS.6/- PER SHARE","6","2010-08-05"
"CUMMINSIND","INTERIM DIVIDEND-RS.7/- PER SHARE (PURPOSE REVISED)","7","2011-02-10"
"CUMMINSIND","AGM/DIVIDEND-100%","100.00%","2005-07-15"
"CUMMINSIND","AGM/FINAL DIVIDEND-100%","100.00%","2007-07-19"
"CUMMINSIND","AGM/FINAL DIVIDEND-100%","100.00%","2006-07-17"
"CUMMINSIND","INTERIM DIVIDEND-100%","100.00%","2007-02-08"
"CUMMINSIND","SPECIAL DIVIDEND - 120%  PURPOSE REVISED","120.00%","2008-12-15"
"CUMMINSIND","AGM/DIVIDEND-130%","130.00%","2008-07-17"
"CUMMINSIND","INTERIM DIVIDEND - 200%  PURPOSE REVISED","200.00%","2009-02-03"
"DABUR","INTERIM DIVIDEND-RE.0.50 PER SHARE (PURPOSE REVISED)","0.5","2010-11-02"
"DABUR","ANNUAL GENERAL MEETING AND DIVIDEND - RE. 0.65 PER SHARE","0.65","2011-06-29"
"DABUR","INT DIV-RE.0.75 PER SHAREPURPOSE REVISED","0.75","2009-10-30"
"DABUR","AGM/DIV-RE.1/- PER SHARE","1","2009-06-29"
"DABUR","ANNUAL GENERAL MEETING AND FINAL DIVIDEND RS.1.25 PER SHARE","1.25","2010-08-03"
"DABUR","AGM/DIVIDEND-100%","100.00%","2006-06-21"
"DABUR","INTERIM DIVIDEND-100%    PURPOSE REVISED","100.00%","2006-11-03"
"DABUR","AGM/DIVIDEND-150%","150.00%","2005-06-29"
"DABUR","AGM/DIVIDEND - 75%","75.00%","2008-06-19"
"DABUR","INTERIM DIVIDEND - 75%   PURPOSE REVISED","75.00%","2007-10-29"
"DABUR","INTERIM DIVIDEND - 75%   PURPOSE REVISED","75.00%","2009-02-02"
"DABUR","INTERIM DIVIDEND-75%     PURPOSE REVISED","75.00%","2007-03-16"
"DCHL","DIVIDEND-10%","10.00%","2005-09-23"
"DCHL","DIVIDEND-10%","10.00%","2006-08-04"
"DCHL","AGM/DIVIDEND - 100%","100.00%","2008-09-11"
"DCHL","INTERIM DIVIDEND - 100%  PURPOSE REVISED","100.00%","2008-12-22"
"DCHL","INTERIM DIVIDEND-50%","50.00%","2007-08-13"
"DCHL","INTERIM DIVIDEND-50%","50.00%","2007-02-01"
"DENABANK","AGM/DIV-RS.1.20 PER SHARE","1.2","2009-07-02"
"DENABANK","ANNUAL GENERAL MEETING AND DIVIDEND RS.2/- PER SHARE","2","2010-07-07"
"DENABANK","AGM/DIVIDEND - 10%","10.00%","2008-06-26"
"DENABANK","AGM/DIVIDEND-8%","8.00%","2007-06-14"
"DIVISLAB","AGM/DIV-RS.6/- PER SHARE","6","2009-06-15"
"DIVISLAB","ANNUAL GENERAL MEETING AND DIVIDEND RS.6/- PER SHARE","6","2010-07-02"
"DIVISLAB","ANNUAL GENERAL MEETING AND DIVIDEND RS.10/- PER SHARE","10","2011-06-16"
"DIVISLAB","AGM/DIVIDEND-100%","100.00%","2006-08-23"
"DIVISLAB","INTERIM DIVIDEND-100%    PURPOSE REVISED","100.00%","2007-03-23"
"DIVISLAB","AGM/DIVIDEND - 200%","200.00%","2008-06-26"
"DIVISLAB","AGM/DIVIDEND-80%","80.00%","2005-08-11"
"DLF","ANNUAL GENERAL MEETING AND DIVIDEND RS.2/- PER SHARE","2","2010-09-17"
"DLF","AGM/DIVIDEND - 100%","100.00%","2008-09-19"
"DLF","AGM/DIVIDEND-100%","100.00%","2007-09-18"
"DLF","INTERIM DIVIDEND-100%    PURPOSE REVISED","100.00%","2007-11-05"
"DRREDDY","AGM/DIV-RS.6.25 PER SHARE","6.25","2009-07-03"
"DRREDDY","ANNUAL GENERAL MEETING AND DIVIDEND RS.11.25 PER SHARE","11.25","2011-06-30"
"DRREDDY","ANNUAL GENERAL MEETING AND FINAL DIVIDEND RS.11.25 PER SHARE","11.25","2010-07-02"
"DRREDDY","DIVIDEND-100%","100.00%","2006-07-07"
"DRREDDY","AGM/DIVIDEND - 75%","75.00%","2008-07-04"
"DRREDDY","DIVIDEND-75%","75.00%","2007-07-06"
"EDUCOMP","ANNUAL GENERAL MEETING AND DIVIDEND RS.1.75 PER SHARE","1.75","2010-09-16"
"EDUCOMP","AGM/DIV-RS.2.50 PER SHARE","2.5","2009-09-17"
"EDUCOMP","AGM/DIVIDEND-15%","15.00%","2006-08-17"
"EDUCOMP","AGM/FINAL DIVIDEND-20%   BC START DATE REVISED","20.00%","2007-08-31"
"EDUCOMP","AGM/DIVIDEND - 25%","25.00%","2008-06-26"
"EKC","AGM/DIV-RS.1.20 PER SHARE","1.2","2009-07-16"
"EKC","ANNUAL GENERAL MEETING AND FINAL DIVIDEND RS.1.20 PER SHARE","1.2","2010-07-15"
"EKC","AGM/DIVIDEND-35%","35.00%","2006-07-20"
"EKC","AGM/DIVIDEND-50%","50.00%","2007-06-28"
"EKC","AGM/DIVIDEND - 60%","60.00%","2008-07-24"
"ESCORTS","ANNUAL GENERAL MEETING AND DIVIDEND RS.1.50 PER SHARE","1.5","2011-02-10"
"EXIDEIND","FINAL DIVIDEND-RE.0.40 PER SHARE","0.4","2010-07-02"
"EXIDEIND","INT DIV-RE.0.60 PER SHARE","0.6","2009-10-27"
"EXIDEIND","INTERIM DIVIDEND-RE.0.90 PER SHARE","0.9","2010-10-21"
"EXIDEIND","AGM/DIVIDEND - 20%","20.00%","2009-07-08"
"EXIDEIND","AGM/DIVIDEND-25%","25.00%","2005-07-21"
"EXIDEIND","AGM/DIVIDEND-30%","30.00%","2006-07-12"
"EXIDEIND","AGM/DIVIDEND-35%","35.00%","2007-07-11"
"EXIDEIND","AGM/DIVIDEND - 40%","40.00%","2008-07-16"
"EXIDEIND","INTERIM DIVIDEND - 40%","40.00%","2009-01-23"
"FEDERALBNK","ANNUAL GENERAL MEETING AND DIVIDEND RS.5/- PER SHARE","5","2010-09-02"
"FEDERALBNK","AGM/DIVIDEND-25%","25.00%","2005-09-08"
"FEDERALBNK","AGM/DIVIDEND-35%","35.00%","2006-09-07"
"FEDERALBNK","AGM/DIVIDEND - 40%","40.00%","2008-07-10"
"FEDERALBNK","AGM/DIVIDEND-40%","40.00%","2007-08-16"
"FINANTECH","AGM/DIV-RS.2/- PER SHARE","2","2009-09-17"
"FINANTECH","ANNUAL GENERAL MEETING AND FINAL DIVIDEND RS.2/- PER SHARE","2","2010-09-22"
"FINANTECH","INTERIM DIVIDEND - RS 2 PER SHARE","2","2010-11-18"
"FINANTECH","AGM/FINAL DIVIDEND-100%","100.00%","2007-09-21"
"FINANTECH","2ND INTERIM DIVIDEND-100%","100.00%","2008-11-14"
"FINANTECH","3RD INTERIM DIVIDEND-100%","100.00%","2009-02-11"
"FINANTECH","4TH INTERIM DIVIDEND-180%PURPOSE REVISED","180.00%","2007-04-26"
"FINANTECH","AGM/DIVIDEND-20%","20.00%","2005-09-16"
"FINANTECH","AGM/DIVIDEND-260%","260.00%","2006-09-22"
"FINANTECH","2ND INTERIM DIVIDEND-350%","350.00%","2007-11-15"
"FINANTECH","INTERIM DIVIDEND-40%","40.00%","2006-11-16"
"FINANTECH","INTERIM DIVIDEND-40%","40.00%","2006-08-17"
"FINANTECH","3RD INTERIM DIVIDEND-40%","40.00%","2007-02-14"
"FINANTECH","AGM/DIV-INT-200%+FIN-200%","400.00%","2008-08-21"
"FINANTECH","3RD INTERIM DIVIDEND-400%","400.00%","2008-02-01"
"FINANTECH","1ST INTERIM DIVIDEND-50%","50.00%","2007-08-16"
"GAIL","INTERIM DIVIDEND-RS.2/- PER SHARE (PURPOSE REVISED)","2","2010-12-27"
"GAIL","ANNUAL GENERAL MEETING AND FINAL DIVIDEND RS.5.50 PER SHARE (BC START DATE REVISED)","5.5","2010-09-02"
"GAIL","AGM/FINAL DIVIDEND-20%","20.00%","2007-08-16"
"GAIL","AGM/FINAL DIVIDEND-20%","20.00%","2006-07-28"
"GAIL","SPL INTERIM DIVIDEND-25% PURPOSE REVISED","25.00%","2007-03-09"
"GAIL","AGM/DIVIDEND-40%","40.00%","2005-09-14"
"GAIL","INTERIM DIVIDEND - 40%   PURPOSE REVISED","40.00%","2009-01-30"
"GAIL","INTERIM DIVIDEND - 40%   PURPOSE REVISED","40.00%","2007-12-19"
"GAIL","INTERIM DIVIDEND-55%     PURPOSE REVISED","55.00%","2006-12-27"
"GAIL","AGM/DIVIDEND - 60%","60.00%","2008-08-21"
"GESHIP","INT DIV-RS.2.50 PER SHAREPURPOSE REVISED","2.5","2009-02-10"
"GESHIP","INT DIV-RS.2.50 PER SHAREPURPOSE REVISED","2.5","2008-10-31"
"GESHIP","INTERIM DIV-RS.3.50 PR SHPURPOSE REVISED","3.5","2008-02-05"
"GESHIP","INTERIM DIVIDEND-RS.3.50 PER SHARE (PURPOSE REVISED)","3.5","2010-11-02"
"GESHIP","INT DIV-RS.4.00 PER SH   PURPOSE REVISED","4","2007-10-25"
"GESHIP","DIV-INT.RS.5+SPL RS2.50SHPURPOSE REVISED","7.5","2008-05-08"
"GESHIP","FINAL DIVIDEND RS 8 PER SHARE","8","2010-07-20"
"GESHIP","FINAL DIVIDEND - 45%","45.00%","2007-07-10"
"GLAXO","FIN DIV-RS14+SPL DIV-RS14","28","2006-03-24"
"GLAXO","DIV FIN-RS18+SPL-18 PR SH","36","2008-04-02"
"GLAXO","DIVIDEND-RS.40/- PER SHARE","40","2011-03-14"
"GLAXO","DIV FIN-RS.22 + SPL-RS.18","40","2009-03-18"
"GLAXO","DIV FIN-170% + SPL-140%  PURPOSE REVISED","310.00%","2007-03-14"
"GMDCLTD","AGM/DIV-RS.2/- PER SHARE","2","2009-09-17"
"GMDCLTD","DIVIDEND-RS.2.50 PER SHARE","2.5","2010-09-17"
"GMDCLTD","DIVIDEND - 100%","100.00%","2008-09-01"
"GMDCLTD","DIVIDEND-100%","100.00%","2007-09-14"
"GMDCLTD","DIVIDEND-50%","50.00%","2005-09-14"
"GMDCLTD","AGM/DIVIDEND-60%","60.00%","2006-12-13"
"GODREJIND","AGM/DIV-RE.1/- PER SH","1","2007-07-18"
"GODREJIND","AGM/DIV.RS.1.25/-PERSHARE","1.25","2009-07-20"
"GODREJIND","FINAL DIVIDEND-RS.1.50 PER SHARE","1.5","2010-07-16"
"GODREJIND","AGM/DIV-RS.5/- PER SH","5","2006-07-13"
"GODREJIND","AGM/DIVIDEND-125%","125.00%","2008-07-18"
"GRASIM","DIVIDEND-RS.16 PER SHARE","16","2005-06-29"
"GRASIM","INTERIM DIVIDEND-275%    PURPOSE REVISED","275.00%","2007-03-15"
"GSPL","DIVIDEND-RE.0.75 PR SHARE","0.75","2009-11-26"
"GSPL","ANNUAL GENERAL MEETING AND DIVIDEND RE.1/- PER SHARE","1","2010-09-13"
"GSPL","AGM/DIVIDEND-2.5%","2.50%","2006-09-15"
"GSPL","AGM/DIVIDEND - 5%","5.00%","2008-09-15"
"GSPL","AGM/DIVIDEND-5%","5.00%","2007-09-10"
"GTL","AGM/DIV -RS.2.50/- PER SH","2.5","2007-06-11"
"GTL","AGM/DIV-FN 20% + SPL-180%","100.00%","2006-09-26"
"GTL","DIVIDEND - 30%","30.00%","2008-05-30"
"GTOFFSHORE","AGM/DIV-RS.2.50 PER SHARE","2.5","2009-09-10"
"GTOFFSHORE","ANNUAL GENERAL MEETING AND DIVIDEND RS.2.50 PER SHARE","2.5","2010-07-29"
"GTOFFSHORE","AGM/DIV- RS.8/- PER SHARE","8","2008-06-25"
"GTOFFSHORE","INTERIM DIVIDEND-80%     PURPOSE REVISED","80.00%","2007-09-07"
"GVKPIL","INTERIM DIVIDEND-25%","25.00%","2006-11-06"
"HAVELLS","INT DIV-RS.1.25 PER SHARE","1.25","2010-02-09"
"HAVELLS","AGM/DIV-RS.2.5 PER SHARE","2.5","2009-08-12"
"HAVELLS","DIVIDEND-RS.2.50 PER SHARE","2.5","2010-09-06"
"HAVELLS","AGM/DIVIDEND-50%","50.00%","2007-06-20"
"HAVELLS","AGM/DIVIDEND-50%","50.00%","2008-06-26"
"HAVELLS","DIVIDEND-50%","50.00%","2005-06-24"
"HAVELLS","DIVIDEND-50%","50.00%","2006-06-05"
"HCC","ANNUAL GENERAL MEETING AND DIVIDEND RE.0.40 PER SHARE","0.4","2011-05-30"
"HCC","AGM/DIV-RE.0.70 PER SH","0.7","2006-05-24"
"HCC","AGM/DIV-RE.0.75 PER SH","0.75","2007-05-25"
"HCC","AGM/DIV-RE0.80 PER SHARE","0.8","2009-05-27"
"HCC","AGM/DIVIDEND RE.0.80 PER SHARE","0.8","2010-05-28"
"HCC","AGM/DIV-RE.0.80 PER SHARE","0.8","2008-05-28"
"HCC","AGM/DIVIDEND-RS.6/ PER SHBC END DATE REVISED","6","2005-05-24"
"HCLTECH","AGM/DIV-RE.1/- PER SHARE","1","2009-12-02"
"HCLTECH","AGM/DIV-RS.2/- PER SH","2","2007-11-30"
"HCLTECH","2ND INTERIM DIVIDEND-RS.2/- PER SHARE (PURPOSE REVISED)","2","2011-01-24"
"HCLTECH","2ND INT DIV - RS 2 PER SH","2","2008-01-23"
"HCLTECH","3RD INTERIM DIVIDEND-RS.2/- PER SHARE (PURPOSE REVISED)","2","2011-04-25"
"HCLTECH","3RD INT DIV-RS.2/- PER SHRD REVISED/PURPOSE REVISED","2","2007-04-23"
"HCLTECH","ANNUAL GENERAL MEETING/FINAL DIVIDEND RE.1/- PER SHARE/INTERIM DIVIDEND RS.1.50 PER SHARE (PURPOSE REVISED)","2.5","2010-10-22"
"HCLTECH","AGM/DIV-RS.4/- PER SH","4","2006-12-04"
"HCLTECH","2ND INTERIM DIVIDEND-100%PURPOSE REVISED","100.00%","2009-01-28"
"HCLTECH","3RD INTERIM DIVIDEND-100%PURPOSE REVISED","100.00%","2008-04-21"
"HCLTECH","AGM/FIN DIV - 200%","200.00%","2005-12-06"
"HCLTECH","DIV FINAL 150%+INT 150%  BC START DATE REVISED","300.00%","2008-10-22"
"HDFC","AGM/ DIV.-RS.17/- PER SH.","17","2005-06-29"
"HDFC","AGM/DIV-RS.20/- PER SH","20","2006-06-30"
"HDFC","AGM/DIV - RS. 22 PER SH","22","2007-06-12"
"HDFC","AGM/DIV-RS.25 PER SHARE","25","2008-06-27"
"HDFC","AGM/DIV-RS.30/- PER SHARE","30","2009-07-06"
"HDFC","DIVIDEND RS 36 PER SHARE","36","2010-06-29"
"HDFCBANK","AGM/DIV-RS.5.50 PER SHARE","5.5","2006-05-11"
"HDFCBANK","AGM/DIV-RS.7/- PER SH","7","2007-05-17"
"HDFCBANK","DIV-RS.8.50 PER SHARE    PURPOSE REVISED","8.5","2008-04-29"
"HDFCBANK","AGM/DIV-RS.10/- PER SHARE","10","2009-06-22"
"HDFCBANK","AGM/DIV-RS.12/- PER SHARE","12","2010-06-10"
"HDFCBANK","ANNUAL GENERAL MEETING AND DIVIDEND RS.16.50 PER SHARE","16.5","2011-06-02"
"HDFCBANK","AGM/ DIVIDEND-45%        PURPOSE REVISED","45.00%","2005-05-26"
"HDIL","AGM/DIV -RS 3/- PER SHARE","3","2008-07-10"
"HDIL","INTERIM DIVIDEND-20%","20.00%","2007-08-16"
"HEROHONDA","AGM/DIV-RS.20/- PER SH","20","2006-08-14"
"HEROHONDA","AGM/DIV-RS.20/- PER SHARE","20","2009-08-28"
"HEROHONDA","ANNUAL GENERAL MEETING AND FINAL DIVIDEND RS.30/- PER SHARE","30","2010-08-30"
"HEROHONDA","INTERIM DIVIDEND-RS.70/- PER SHARE (PURPOSE REVISED)","70","2011-04-20"
"HEROHONDA","SPL DIV-RS.80/- PER SHARE","80","2010-04-13"
"HEROHONDA","AGM/DIVIDEND-1000%","1000.00%","2005-07-20"
"HEROHONDA","AGM/DIVIDEND-850%","850.00%","2007-07-10"
"HEROHONDA","AGM/DIVIDEND - 950%","950.00%","2008-09-09"
"HEXAWARE","INTERIM DIVIDEND - RS.0.50 PER SHARE","0.5","2011-05-26"
"HEXAWARE","INTERIM DIVIDEND-RE.0.60 PER SHARE","0.6","2010-08-12"
"HEXAWARE","INT DIV-RE.0.60 PER SHARE","0.6","2009-08-13"
"HEXAWARE","DIVIDEND-RE.0.80 PR SHARE","0.8","2010-04-20"
"HEXAWARE","SPECIAL INTERIM DIVIDEND-RE.1/- PER SHARE","1","2011-01-20"
"HEXAWARE","DIVIDEND RS 1.40 PER SHARE / BONUS 1:1","1.4","2011-02-24"
"HEXAWARE","AGM/DIVIDEND - 25%","25.00%","2009-04-27"
"HEXAWARE","INTERIM DIVIDEND - 25%   PURPOSE REVISED","25.00%","2008-08-13"
"HEXAWARE","AGM/DIVIDEND-30%","30.00%","2006-06-22"
"HEXAWARE","AGM/FINAL DIVIDEND-40%","40.00%","2007-04-18"
"HEXAWARE","INTERIM DIVIDEND-40%","40.00%","2006-08-02"
"HEXAWARE","INTERIM DIVIDEND-40%","40.00%","2007-08-02"
"HINDALCO","DIVIDEND-RS.1.35 PER SHARE","1.35","2010-08-24"
"HINDALCO","DIVIDEND-RS.1.35 PR SHARE","1.35","2009-09-10"
"HINDALCO","DIVIDEND-RS.20 PER SHARE","20","2005-06-29"
"HINDALCO","INTERIM DIVIDEND-170%    PURPOSE REVISED","170.00%","2007-03-16"
"HINDALCO","RHS 3:7@PREM RS95/DIV185%","185.00%","2008-08-28"
"HINDOILEXP","INTERIM DIVIDEND-RE.0.50 PER SHARE","0.5","2010-08-23"
"HINDOILEXP","AGM/DIV-RE.1 PER SHARE   BC DATES REVISED","1","2008-08-11"
"HINDOILEXP","AGM/DIVIDEND-10%","10.00%","2005-09-02"
"HINDOILEXP","DIV10%/RGHT1:3@PREM RS.66","10.00%","2006-08-18"
"HINDPETRO","AGM/DIV-RS.5.25 PER SHARE","5.25","2009-08-13"
"HINDPETRO","ANNUAL GENERAL MEETING AND FINAL DIVIDEND RS.12/- PER SHARE","12","2010-09-03"
"HINDPETRO","AGM/DIVIDEND-100%","100.00%","2005-09-02"
"HINDPETRO","AGM/FINAL DIVIDEND-120%","120.00%","2007-08-17"
"HINDPETRO","AGM/DIVIDEND - 30%","30.00%","2008-09-02"
"HINDPETRO","AGM/DIVIDEND-30%","30.00%","2006-08-18"
"HINDPETRO","INTERIM DIVIDEND-60%     PURPOSE REVISED","60.00%","2006-12-27"
"HINDUNILVR","DIVIDEND-RS.2.50 PER SH","2.5","2006-04-28"
"HINDUNILVR","AGM/DIVIDEND- RS.3 PER SH","3","2008-03-17"
"HINDUNILVR","AGM/FIN DIV-RS.3/- PER SH","3","2007-04-20"
"HINDUNILVR","INTERIM DIVIDEND-RS.3/- PER SHARE (PURPOSE REVISED)","3","2010-11-01"
"HINDUNILVR","PLTNM JUB DIV-RS.3 PER SHPURPOSE REVISED","3","2007-11-07"
"HINDUNILVR","ANNUAL GENERAL MEETING AND FINAL DIVIDEND RS.3.50 PER SHARE","3.5","2010-07-08"
"HINDUNILVR","INT DIV-RS.3.50 PER SHAREPURPOSE REVISED","3.5","2008-08-04"
"HINDUNILVR","AGM/DIV-RS.4/- PER SHARE","4","2009-06-12"
"HINDZINC","ANNUAL GENERAL MEETING AND DIVIDEND RS.6/- PER SHARE","6","2010-07-22"
"HINDZINC","AGM/DIVIDEND-12.5%       PURPOSE REVISED","12.50%","2001-07-02"
"HINDZINC","AGM/DIVIDEND - 25%","25.00%","2008-08-12"
"HINDZINC","AGM/DIVIDEND-25%","25.00%","2007-09-12"
"HINDZINC","INTERIM DIVIDEND-25%","25.00%","2007-02-08"
"HINDZINC","INTERIM DIVIDEND-25%","25.00%","2007-11-08"
"HINDZINC","AGM/DIVIDEND-40%","40.00%","2009-07-29"
"HINDZINC","AGM/DIVIDEND-5%          PURPOSE REVISED","5.00%","2002-08-19"
"HOTELEELA","ANNUAL GENERAL MEETING AND DIVIDEND RE.0.15 PER SHARE","0.15","2011-06-21"
"HOTELEELA","ANNUAL GENERAL MEETING AND DIVIDEND RE.0.20 PER SHARE","0.2","2010-08-04"
"HOTELEELA","AGM/DIV-RE.0.40 PER SHARE","0.4","2009-08-14"
"HOTELEELA","INTERIM DIVIDEND-15%     PURPOSE REVISED","15.00%","2006-05-12"
"HOTELEELA","INTERIM DIVIDEND-15%     PURPOSE REVISED","15.00%","2007-03-20"
"HOTELEELA","AGM/DIVIDEND - 25%","25.00%","2008-08-07"
"HOTELEELA","DIVIDEND-5%","5.00%","2006-07-14"
"HOTELEELA","AGM/FINAL DIVIDEND-7.5%","7.50%","2007-08-03"
"IBREALEST","AGM/DIVIDEND - 675%","675.00%","2008-08-27"
"ICICIBANK","AGM/DIV-RS.8.50/- PER SH","8.5","2006-07-06"
"ICICIBANK","AGM/DIV-RS.11/- PER SHARE","11","2009-06-11"
"ICICIBANK","ANNUAL GENERAL MEETING AND DIVIDEND RS.12/- PER SHARE","12","2010-06-10"
"ICICIBANK","ANNUAL GENERAL MEETING AND DIVIDEND RS.14/- PER SHARE","14","2011-06-02"
"ICICIBANK","AGM/DIVIDEND -100%","100.00%","2007-06-14"
"ICICIBANK","AGM/DIVIDEND - 110%","110.00%","2008-07-10"
"ICICIBANK","AGM/DIVIDEND-85%","85.00%","2005-08-04"
"IDBI","DIVIDEND-RS.1.50 PER SH","1.5","2007-06-14"
"IDBI","AGM/DIV-RS.2 PER SHARE","2","2008-07-16"
"IDBI","AGM/DIVIDEND - 25%","25.00%","2009-07-09"
"IDBI","AGM/DIVIDEND-7.5%","7.50%","2005-08-11"
"IDFC","AGM/DIV-RE.1/- PER SH","1","2007-06-13"
"IDFC","AGM/DIV-RE.1.20 PER SHARE","1.2","2009-07-07"
"IDFC","AGM/DIV-RE.1.20 PER SHARE","1.2","2008-07-10"
"IDFC","DIVIDEND-RS.1.50 PER SHARE","1.5","2010-06-17"
"IDFC","AGM/DIVIDEND-10%","10.00%","2006-07-19"
"IFCI","AGM/DIV-RE.0.80 PER SHARE","0.8","2009-09-03"
"IFCI","ANNUAL GENERAL MEETING AND DIVIDEND RE.1/- PER SHARE","1","2010-09-06"
"IGL","AGM/DIV-RS.4/- PER SHARE","4","2009-07-20"
"IGL","ANNUAL GENERAL MEETING AND DIVIDEND RS.4.50 PER SHARE","4.5","2010-08-17"
"IGL","AGM/DIVIDEND-20%","20.00%","2005-09-02"
"IGL","AGM/DIVIDEND-25%","25.00%","2006-09-04"
"IGL","AGM/DIVIDEND-30%","30.00%","2007-09-04"
"IGL","AGM/DIVIDEND - 40%","40.00%","2008-07-14"
"INDHOTEL","DIVIDEND-RE.1.20 PR SHARE","1.2","2009-07-17"
"INDHOTEL","DIVIDEND-100%","100.00%","2005-07-05"
"INDHOTEL","DIVIDEND-130%","130.00%","2006-07-14"
"INDHOTEL","DIVIDEND-160%","160.00%","2007-07-18"
"INDHOTEL","INTERIM DIVIDEND - 190%  PURPOSE REVISED","190.00%","2008-04-22"
"INDIACEM","AGM/DIV-RS.2/- PER SHARE","2","2009-07-31"
"INDIACEM","AGM/DIVIDEND-10%","10.00%","2007-09-14"
"INDIACEM","AGM/DIVIDEND - 20%","20.00%","2008-08-14"
"INDIAINFO","AGM/DIV-RE.1/- PER SH","1","2006-07-19"
"INDIAINFO","INT DIV-RS.1.20 PER SHAREPURPOSE REVISED","1.2","2009-08-17"
"INDIAINFO","2ND INT DIV-RS.1.80 PR SHPURPOSE REVISED","1.8","2010-01-25"
"INDIAINFO","INT DIV-RS.2.80 PER SHAREPURPOSE REVISED","2.8","2009-01-29"
"INDIAINFO","INTERIM DIVIDEND RS 3 PER SHARE (PURPOSE REVISED)","3","2011-03-07"
"INDIAINFO","AGM/DIV-RS.6 PER SHARE","6","2008-06-26"
"INDIAINFO","INTERIM DIVIDEND-30%     PURPOSE REVISED","30.00%","2007-03-22"
"INDIANB","INT DIV-RS.2.50 PER SHARE","2.5","2010-03-04"
"INDIANB","AGM/DIV-RS.3/- PER SHARE","3","2009-06-18"
"INDIANB","ANNUAL GENERAL MEETING AND DIVIDEND RS.7.50 PER SHARE","7.5","2011-05-30"
"INDIANB","ELEC. OF DIR/AGM/DIV-40% PURPOSE REVISED","0.40%","2008-05-22"
"INDIANB","INTERIM DIVIDEND - 20%","20.00%","2009-03-09"
"INDIANB","AGM/DIV FIN-20% + SPL-10%","30.00%","2007-06-15"
"INDUSINDBK","AGM/DIV-RS.1.20 PER SHARE","1.2","2009-06-22"
"INDUSINDBK","ANNUAL GENERAL MEETING AND DIVIDEND RS.1.80 PER SHARE","1.8","2010-06-17"
"INDUSINDBK","ANNUAL GENERAL MEETING AND DIVIDEND RS.2/- PER SHARE","2","2011-06-30"
"INDUSINDBK","AGM/DIVIDEND-18%","18.00%","2005-08-18"
"INDUSINDBK","AGM/DIVIDEND - 6%        BC DATES REVISED","6.00%","2008-09-04"
"INDUSINDBK","AGM/DIVIDEND-6%          PURPOSE REVISED","6.00%","2007-08-31"
"IOB","DIVIDEND-RS.3.50 PR SHARE","3.5","2010-05-26"
"IOB","AGM/DIV-RS.4.50 PER SHARE","4.5","2009-05-21"
"IOB","DIVIDEND-10%","10.00%","2005-05-12"
"IOB","DIVIDEND-26%","26.00%","2006-05-11"
"IOB","AGM/DIVIDEND-30%","30.00%","2007-05-07"
"IOB","AGM/DIVIDEND - 35%       PURPOSE REVISED","35.00%","2008-05-05"
"IOC","DIVIDEND-RS.7.50 PR SHARE","7.5","2009-09-02"
"IOC","ANNUAL GENERAL MEETING AND DIVIDEND RS.13/- PER SHARE","13","2010-09-08"
"IOC","AGM/DIVIDEND-100%","100.00%","2005-09-08"
"IOC","AGM/FINAL DIVIDEND-125%","125.00%","2006-09-07"
"IOC","AGM/FINAL DIVIDEND-130%","130.00%","2007-09-10"
"IOC","AGM/DIVIDEND - 55%","55.00%","2008-09-09"
"IOC","INTERIM DIVIDEND - 60%","60.00%","2006-12-26"
"IRB","DIVIDEND-RE.0.50 PR SHARE","0.5","2009-08-27"
"IRB","ANNUAL GENERAL MEETING AND DIVIDEND RS.1.50 PER SHARE","1.5","2010-09-21"
"IRB","INTERIM DIVIDEND - 10%   PURPOSE REVISED","10.00%","2009-02-12"
"ITC","AGM/DIV-RS.2.65/- PER SH","2.65","2006-07-10"
"ITC","AGM/DIV-RS.3.10 PER SH","3.1","2007-07-16"
"ITC","AGM/DIV-RE. 3.50/- PR SHR","3.5","2008-07-16"
"ITC","AGM/DIV-RS.3.70 PER SHARE","3.7","2009-07-13"
"ITC","DIVIDEND FINAL RS 2.80 AND SPECIAL RS 1.65 PER SHARE","4.45","2011-06-10"
"ITC","FINAL DIVIDEND RS.4.50 PER SHARE AND SPECIAL CENTENARY DIVIDEND RS.5.50 PER SHARE","10","2010-06-09"
"ITC","AGM/DIV.RS.31/- PER SHARE","31","2005-07-18"
"IVRCLINFRA","ANNUAL GENERAL MEETING AND DIVIDEND RE.0.80 PER SHARE","0.8","2010-09-08"
"IVRCLINFRA","AGM/DIV-RE.1/- PER SH","1","2007-08-31"
"IVRCLINFRA","AGM/DIV-RS.1.40 PER SHARE","1.4","2009-09-01"
"IVRCLINFRA","AGM/DIVIDEND-30%         BOOK CLOSURE DATES REVISED","30.00%","2005-09-22"
"IVRCLINFRA","AGM/DIVIDEND-50%","50.00%","2006-09-22"
"IVRCLINFRA","AGM/DIVIDEND - 70%","70.00%","2008-09-09"
"JETAIRWAYS","AGM/DIV-RS.3/- PER SHARE","3","2005-09-14"
"JETAIRWAYS","AGM/DIV-RS.6/- PER SH","6","2006-09-07"
"JETAIRWAYS","AGM/DIV-RS.6/- PER SH","6","2007-09-13"
"JINDALSAW","ANNUAL GENERAL MEETING AND DIVIDEND RS.1.25 PER SHARE","1.25","2010-09-09"
"JINDALSAW","AGM/FIN DIV-RS.4/- PER SH","4","2005-12-23"
"JINDALSAW","AGM/DIV - RS.5 PER SHARE","5","2009-06-15"
"JINDALSAW","AGM/DIV-RS.5/- PER EQ SH","5","2006-12-22"
"JINDALSAW","AGM/DIV-RS6.25 PER SHARE","6.25","2008-03-19"
"JINDALSTEL","DIVIDEND-RS.1.25 PER SHARE","1.25","2010-09-13"
"JINDALSTEL","DIV-RS.5.50 PR SH/BON 5:1PURPOSE REVISED","5.5","2009-09-14"
"JINDALSTEL","INTERIM DIVIDEND-120%    PURPOSE REVISED","120.00%","2007-02-05"
"JINDALSTEL","DIVIDEND-200%","200.00%","2005-07-07"
"JINDALSTEL","FINAL DIVIDEND-200%","200.00%","2006-09-14"
"JINDALSTEL","AGM/DIVIDEND-240%","240.00%","2007-09-06"
"JINDALSTEL","AGM/DIVIDEND - 250%","250.00%","2008-09-12"
"JISLJALEQS","AGM/DIV-RS.1.80/- PER SH","1.8","2006-09-14"
"JISLJALEQS","AGM/DIV-RS.2/- PER SH","2","2007-09-13"
"JISLJALEQS","AGM/DIV-RS.2.50 PER SHARE","2.5","2009-09-10"
"JISLJALEQS","ANNUAL GENERAL MEETING AND DIVIDEND RS.4.50 PER SHARE","4.5","2010-09-16"
"JISLJALEQS","AGM/DIVIDEND - 22%","22.00%","2008-09-11"
"JPASSOCIAT","2ND INT DIV-RE0.30 PER SHRD DATE REVISED","0.3","2008-01-28"
"JPASSOCIAT","INTERIM DIVIDEND-RE.0.40 PER SHARE (PURPOSE REVISED)","0.4","2011-02-08"
"JPASSOCIAT","AGM/DIV-RE.0.40 PER SHARE","0.4","2009-09-22"
"JPASSOCIAT","ANNUAL GENERAL MEETING AND DIVIDEND RE.0.54 PER SHARE","0.54","2010-09-15"
"JPASSOCIAT","INT DIV-RE.0.54 PER SHAREPURPOSE REVISED","0.54","2009-10-29"
"JPASSOCIAT","AGM/DIV-RE.0.60/- PER SH","0.6","2005-09-14"
"JPASSOCIAT","AGM/FIN DIV-RE0.90 PER SH","0.9","2006-10-16"
"JPASSOCIAT","FIN DIV-RS.1.60 PER SH","1.6","2007-08-23"
"JPASSOCIAT","1ST INTERIM DIVIDEND-15% PURPOSE REVISED","15.00%","2007-07-23"
"JPASSOCIAT","1ST INTERIM DIVIDEND-15% PURPOSE REVISED","15.00%","2008-10-29"
"JPASSOCIAT","2ND INTERIM DIVIDEND-15% PURPOSE REVISED","15.00%","2009-05-07"
"JPASSOCIAT","AGM/DIVIDEND - 20%","20.00%","2008-08-18"
"JPPOWER","AGM/DIV-RE.0.75 PER SHARE","0.75","2009-08-10"
"JPPOWER","INT DIV-RE.0.75 PER SHARE","0.75","2007-09-11"
"JPPOWER","AGM/DIVIDEND- 7.5%","7.50%","2008-07-31"
"JPPOWER","AGM/DIVIDEND-7.5%","7.50%","2005-08-31"
"JPPOWER","INTERIM DIVIDEND - 7.5%  PURPOSE REVISED","7.50%","2008-10-29"
"JSWSTEEL","AGM/DIV-RE.1/- PER SHARE","1","2009-06-29"
"JSWSTEEL","AGM/DIVIDEND RS 9.50 PER SHARE","9.5","2010-06-14"
"JSWSTEEL","INT DIV-RS.12.50 PER SH  PURPOSE REVISED","12.5","2007-03-20"
"JSWSTEEL","AGM/DIVIDEND - 140%","140.00%","2008-05-21"
"JSWSTEEL","AGM/ DIVIDEND-50%","50.00%","2005-04-29"
"JSWSTEEL","AGM/DIVIDEND-80%","80.00%","2006-06-15"
"KOTAKBANK","AGM/DIV-RE.0.75 PER SHARE","0.75","2009-07-14"
"KOTAKBANK","ANNUAL GENERAL MEETING AND DIVIDEND RE.0.85 PER SHARE","0.85","2010-06-30"
"KOTAKBANK","AGM/DIVIDEND-12.5%","12.50%","2005-07-15"
"KOTAKBANK","AGM/DIVIDEND-6%","6.00%","2006-07-07"
"KOTAKBANK","AGM/DIVIDEND-7%","7.00%","2007-06-22"
"KOTAKBANK","AGM/DIVIDEND - 7.50%","7.50%","2008-07-14"
"KSOILS","ANNUAL GENERAL MEETING AND DIVIDEND RE.0.18 PER SHARE","0.18","2010-09-23"
"KSOILS","AGM/DIV-RE.0.18 PER SHARE","0.18","2009-09-24"
"KSOILS","AGM/DIVIDEND-15%","15.00%","2007-06-15"
"KSOILS","AGM/DIVIDEND - 18%","18.00%","2008-09-12"
"KTKBANK","ANNUAL GENERAL MEETING AND DIVIDEND RS.4/- PER SHARE","4","2010-07-15"
"KTKBANK","AGM/DIV-RS.6/- PER SHARE","6","2009-07-23"
"KTKBANK","AGM/DIVIDEND-20%","20.00%","2005-07-07"
"KTKBANK","AGM/DIVIDEND-30%","30.00%","2006-06-29"
"KTKBANK","AGM/DIVIDEND-35%","35.00%","2007-06-22"
"KTKBANK","AGM/DIVIDEND-50%","50.00%","2008-07-03"
"LICHSGFIN","AGM/DIV-RS.13/- PER SHARE","13","2009-06-29"
"LICHSGFIN","AGM/DIVIDEND - 100%","100.00%","2008-06-13"
"LICHSGFIN","AGM/DIVIDEND-30%","30.00%","2007-06-28"
"LICHSGFIN","AGM/DIVIDEND-50%","50.00%","2005-07-26"
"LICHSGFIN","INTERIM DIVIDEND-50%","50.00%","2007-03-26"
"LICHSGFIN","AGM/DIVIDEND-60%","60.00%","2006-07-19"
"LT","AGM/FIN DIV-RS.2/- PER SH","2","2007-08-14"
"LT","SPL DIVIDEND-RS2/- PER SH","2","2007-07-17"
"LT","DIVIDEND-RS10.50 PR SHARE","10.5","2009-08-18"
"LT","ANNUAL GENERAL MEETING AND DIVIDEND RS.12.50 PER SHARE","12.5","2010-08-17"
"LT","AGM/DIV - RS.15 PER SHARE","15","2008-08-20"
"LT","DIV-RS.17.5/- PER SHARE","17.5","2005-08-12"
"LUPIN","AGM/DIV-RS.12.50 PR SHARE","12.5","2009-07-20"
"LUPIN","ANNUAL GENERAL MEETING AND DIVIDEND RS.13.50 PER SHARE","13.5","2010-07-19"
"LUPIN","AGM/DIV-50% + SPL DIV-50%","100.00%","2008-07-11"
"LUPIN","AGM/DIVIDEND-50%","50.00%","2007-07-10"
"LUPIN","AGM/DIVIDEND-65%","65.00%","2006-07-07"
"LUPIN","AGM/DIVIDEND-65%","65.00%","2005-07-15"
"M&M","ANNUAL GENERAL MEETING/FINAL DIVIDEND RS.8.75 PER SHARE AND SPECIAL DIVIDEND RE.0.75 PER SHARE (PURPOSE REVISED)","9.5","2010-07-08"
"M&M","AGM/DIV-RS.10/- PER SHAREPURPOSE REVISED","10","2009-07-09"
"M&M","AGM/DIV.-FIN.75%+SPL.25%","100.00%","2006-06-29"
"M&M","AGM/DIVIDEND - 115%      PURPOSE REVISED","115.00%","2008-07-03"
"M&M","AGM/DIV-(FIN-100%+SP-30%)","130.00%","2005-06-29"
"M&M","AGM/DIV FIN-25% + SPL-15%PURPOSE REVISED","40.00%","2007-07-05"
"M&M","INTERIM DIVIDEND-75%     PURPOSE REVISED","75.00%","2007-03-23"
"MARUTI","AGM/DIV-RS.3.50 PER SHARE","3.5","2009-08-18"
"MARUTI","AGM/FIN DIV-RS4.50 PER SH","4.5","2007-08-22"
"MARUTI","ANNUAL GENERAL MEETING AND FINAL DIVIDEND RS.6/- PER SHARE","6","2010-08-24"
"MARUTI","AGM/DIVIDEND - 100%","100.00%","2008-08-14"
"MCDOWELL-N","AGM/DIV-RS.2/- PER SHARE","2","2009-09-22"
"MCDOWELL-N","ANNUAL GENERAL MEETING AND DIVIDEND RS.2.50 PER SHARE","2.5","2010-09-21"
"MCDOWELL-N","AGM/FINAL DIVIDEND-10%","10.00%","2007-11-20"
"MCDOWELL-N","AGM/DIVIDEND - 15%","15.00%","2008-12-19"
"MCDOWELL-N","INTERIM DIVIDEND-15%     PURPOSE REVISED","15.00%","2007-03-22"
"MCDOWELL-N","AGM/DIVIDEND-20%","20.00%","2006-12-08"
"MCDOWELL-N","AGM/DIVIDEND-20%","20.00%","2005-09-13"
"MCLEODRUSS","AGM/DIV-RE.1/- PER SH","1","2007-07-18"
"MCLEODRUSS","AGM/DIV-RS.2/- PER SHARE","2","2009-07-17"
"MCLEODRUSS","ANNUAL GENERAL MEETING AND DIVIDEND RS.4/- PER SHARE","4","2010-07-22"
"MCLEODRUSS","AGM/DIVIDEND - 20%","20.00%","2008-07-18"
"MLL","DIVIDEND-RE.0.20 PER SHARE","0.2","2010-08-30"
"MLL","ANN CLSR/DIV-RE.0.50 P SH","0.5","2009-09-14"
"MLL","DIVIDEND-100%","100.00%","2005-09-16"
"MLL","DIVIDEND-100%","100.00%","2007-09-12"
"MLL","ANNUAL CLOSURE/DIV-110%","110.00%","2008-07-03"
"MLL","FINAL DIVIDEND-30%","30.00%","2006-07-20"
"MOSERBAER","ANNUAL GENERAL MEETING AND DIVIDEND RE.0.60 PER SHARE","0.6","2010-09-27"
"MOSERBAER","AGM/DIV-RE.0.60 PER SHARE","0.6","2009-09-03"
"MOSERBAER","AGM/DIVIDEND - 10%","10.00%","2008-07-29"
"MOSERBAER","DIVIDEND-10%","10.00%","2005-07-28"
"MOSERBAER","DIVIDEND-10%","10.00%","2006-07-13"
"MOSERBAER","FINAL DIVIDEND - 15%","15.00%","2007-06-11"
"MPHASIS","AGM/DIV-RS.2 PER SHARE","2","2009-01-22"
"MPHASIS","AGM/DIV-RS.3/- PER SH","3","2006-08-24"
"MPHASIS","AGM/DIV-RS.3/- PER SHARE","3","2005-09-22"
"MPHASIS","AGM/FIN DIV-RS.3/- PER SH","3","2007-09-07"
"MPHASIS","AGM/DIV-RS.3.30 PER SHARE","3.3","2008-07-16"
"MPHASIS","DIVIDEND-RS.3.50 PR SHARE","3.5","2010-02-10"
"MPHASIS","FINAL DIVIDEND-RS.4/- PER SHARE","4","2011-02-10"
"MRF","ANNUAL GENERAL MEETING/FINAL DIVIDEND RS.19/- PER SHARE/SPECIAL DIVIDEND RS.25/- PER SHARE","34","2011-01-28"
"MRF","AGM/DIVIDEND - 140%","140.00%","2009-03-06"
"MRF","AGM/DIVIDEND-140%","140.00%","2006-03-10"
"MRF","AGM/FINAL DIVIDEND - 140%","140.00%","2007-03-09"
"MRF","AGM/FINAL DIVIDEND - 140%","140.00%","2008-03-05"
"MRF","INTERIM DIVIDEND - 30%","30.00%","2008-08-08"
"MRF","INTERIM DIVIDEND-30%     PURPOSE REVISED","30.00%","2006-08-03"
"MRF","2ND INTERIM DIVIDEND-30%","30.00%","2007-11-07"
"MRF","2ND INTERIM DIVIDEND-30%","30.00%","2008-11-06"
"MRF","2ND INTERIM DIVIDEND-30% PURPOSE REVISED","30.00%","2006-11-14"
"MRPL","AGM/DIV-RE.0.70 PER SH","0.7","2006-08-16"
"MRPL","AGM/DIV-RE.0.80 PER SH","0.8","2007-08-01"
"MRPL","AGM/DIV-RS 1.20 PER SH","1.2","2008-06-18"
"MRPL","AGM/DIV-RS.1.20 PER SHARE","1.2","2009-08-06"
"MRPL","ANNUAL GENERAL MEETING AND DIVIDEND RS.1.20 PER SHARE","1.2","2010-07-15"
"MRPL","DIVIDEND-10%","10.00%","2005-08-11"
"MTNL","AGM/DIVIDEND - 10%","10.00%","2008-09-22"
"MTNL","AGM/DIVIDEND-10%","10.00%","2006-09-18"
"MTNL","AGM/DIVIDEND-10%","10.00%","2007-09-19"
"MTNL","AGM/DIVIDEND-25%","25.00%","2005-09-14"
"MTNL","INTERIM DIVIDEND - 30%","30.00%","2008-02-21"
"MTNL","INTERIM DIVIDEND-30%","30.00%","2007-02-19"
"MUNDRAPORT","INTERIM DIVIDEND-RE.0.40 PER SHARE (PURPOSE REVISED)","0.4","2011-05-05"
"MUNDRAPORT","INTERIM DIVIDEND-RE.0.50 PER SHARE (PURPOSE REVISED)","0.5","2011-02-14"
"MUNDRAPORT","AGM/DIV-RE.1/- PER SHARE","1","2009-08-17"
"MUNDRAPORT","ANNUAL GENERAL MEETING AND DIVIDEND RS.1.50 PER SHARE","1.5","2010-08-09"
"MUNDRAPORT","INT DIV-RS.2.50 PER SHAREPURPOSE REVISED","2.5","2010-02-03"
"MUNDRAPORT","AGM/DIVIDEND - 15%","15.00%","2008-09-12"
"NAGARFERT","ANNUAL GENERAL MEETING AND DIVIDEND RE.0.50 PER SHARE","0.5","2010-07-14"
"NATIONALUM","ANNUAL GENERAL MEETING AND FINAL DIVIDEND RE.1/- PER SHARE","1","2010-08-27"
"NATIONALUM","DIVIDEND-RS.1.50 PR SHARE","1.5","2009-09-04"
"NATIONALUM","INT DIV-RS.1.50 PER SHAREPURPOSE REVISED","1.5","2010-03-23"
"NATIONALUM","INTERIM DIVIDEND-RS.2/- PER SHARE (PURPOSE REVISED)","2","2011-02-07"
"NATIONALUM","AGM/DIVIDEND - 15%","15.00%","2008-09-01"
"NATIONALUM","2ND INTERIM DIVIDEND-15%","15.00%","2007-03-22"
"NATIONALUM","AGM/DIVIDEND-20%","20.00%","2005-09-23"
"NATIONALUM","AGM/FINAL DIVIDEND-25%","25.00%","2007-09-14"
"NATIONALUM","AGM/DIVIDEND-30%","30.00%","2006-09-22"
"NATIONALUM","INTERIM DIVIDEND - 35%","35.00%","2009-02-12"
"NATIONALUM","INTERIM DIVIDEND-35%","35.00%","2007-02-06"
"NATIONALUM","INTERIM DIVIDEND - 45%   DIVIDEND REVISED","45.00%","2008-02-13"
"NCC","AGM/DIV-RS.1.10 PER SHARE","1.1","2009-07-14"
"NCC","ANNUAL GENERAL MEETING AND DIVIDEND RS.1.30 PER SHARE","1.3","2010-07-22"
"NCC","AGM/DIVIDEND-20%","20.00%","2007-07-12"
"NCC","INTERIM DIVIDEND-40%     PURPOSE REVISED","40.00%","2007-03-26"
"NCC","AGM/DIVIDEND - 60%","60.00%","2005-07-21"
"NCC","AGM/DIVIDEND - 65%","65.00%","2008-07-17"
"NCC","AGM/DIVIDEND-80%","80.00%","2006-08-10"
"NEYVELILIG","ANNUAL GENERAL MEETING AND FINAL DIVIDEND RE.1/- PER SHARE","1","2010-08-18"
"NEYVELILIG","AGM/DIV-RS.2/- PER SHARE","2","2009-08-20"
"NEYVELILIG","AGM/DIVIDEND - 10%","10.00%","2008-08-14"
"NEYVELILIG","INTERIM DIVIDEND - 10%","10.00%","2008-02-05"
"NEYVELILIG","AGM/DIVIDEND-12%","12.00%","2007-08-16"
"NEYVELILIG","AGM/DIVIDEND-14%","14.00%","2005-09-14"
"NHPC","ANNUAL GENERAL MEETING AND DIVIDEND RE.0.55 PER SHARE","0.55","2010-09-07"
"NMDC","INT DIV-RE.0.75 PER SHARE","0.75","2010-02-04"
"NMDC","ANNUAL GENERAL MEETING / DIVIDEND RE 1 PER SHARE","1","2010-07-29"
"NMDC","INTERIM DIVIDEND-RS.1.15 PER SHARE","1.15","2011-02-10"
"NMDC","AGM/DIV-RS.1.18 PER SHARE","1.18","2009-08-20"
"NMDC","INTERIM DIVIDEND -103%","103.00%","2009-02-18"
"NMDC","AGM/FINAL DIVIDEND - 54%","54.00%","2008-08-04"
"NTPC","ANNUAL GENERAL MEETING AND FINAL DIVIDEND RE.0.80 PER SHARE","0.8","2010-09-08"
"NTPC","AGM/DIV-RE.0.80 PER SHARE","0.8","2009-09-03"
"NTPC","INTERIM DIVIDEND-RS.3/- PER SHARE (PURPOSE REVISED)","3","2011-02-04"
"NTPC","DIVIDEND-12%","12.00%","2005-09-08"
"NTPC","INTERIM DIVIDEND-24%     PURPOSE REVISED","24.00%","2007-02-02"
"NTPC","INTERIM DIVIDEND - 27%   PURPOSE REVISED","27.00%","2008-02-04"
"NTPC","INTERIM DIVIDEND - 28%   PURPOSE REVISED","28.00%","2009-01-29"
"NTPC","AGM/DIVIDEND-8%","8.00%","2006-08-30"
"NTPC","AGM/FINAL DIVIDEND - 8%","8.00%","2008-08-28"
"NTPC","AGM/FINAL DIVIDEND-8%","8.00%","2007-08-30"
"OFSS","AGM/DIVIDEND-RS.5 PER SH PURPOSE REVISED","5","2006-08-03"
"OFSS","AGM/DIVIDEND-100%","100.00%","2005-08-04"
"OIL","ANNUAL GENERAL MEETING AND FINAL DIVIDEND RS.16/- PER SHARE","16","2010-09-16"
"ONGC","AGM/DIV-RS.14/- PER SHARE","14","2009-09-11"
"ONGC","ANNUAL GENERAL MEETING AND FINAL DIVIDEND RS.15/- PER SHARE","15","2010-09-09"
"ONGC","INT DIVIDEND-RS.18 PER SHPURPOSE REVISED","18","2007-12-26"
"ONGC","SPECIAL INTERIM DIVIDEND-RS.32/- PER SHARE (PURPOSE REVISED)","32","2010-12-20"
"ONGC","AGM/FINAL DIVIDEND-130%","130.00%","2007-09-10"
"ONGC","AGM/DIVIDEND - 140%","140.00%","2008-09-08"
"ONGC","INTERIM DIVIDEND - 180%  PURPOSE REVISED","180.00%","2008-12-23"
"ONGC","INTERIM DIVIDEND-180%    PURPOSE REVISED","180.00%","2006-12-27"
"ONGC","AGM/DIVIDEND-200%","200.00%","2005-09-01"
"ONGC","AGM/FINAL DIVIDEND-200%","200.00%","2006-09-06"
"OPTOCIRCUI","ANNUAL GENERAL MEETING AND DIVIDEND RS.4/- PER SHARE","4","2010-09-21"
"OPTOCIRCUI","AGM/DIVIDEND-35%","35.00%","2005-07-08"
"OPTOCIRCUI","AGM/DIVIDEND-40%","40.00%","2006-09-20"
"OPTOCIRCUI","AGM/DIVIDEND - 50%","50.00%","2008-09-24"
"OPTOCIRCUI","AGM/DIVIDEND--50%","50.00%","2007-09-18"
"ORBITCORP","ANNUAL GENERAL MEETING AND FINAL DIVIDEND RE.1.50 PER SHARE","1.5","2010-05-25"
"ORBITCORP","INTERIM DIVIDEND-15%","15.00%","2007-08-16"
"ORBITCORP","2ND INTERIM DIVIDEND-15%","15.00%","2008-02-05"
"ORBITCORP","ANN BC/ AGM/ FIN DIV-25%","25.00%","2008-07-31"
"ORCHIDCHEM","AGM/DIV-RE.1/- PER SHARE","1","2009-09-17"
"ORCHIDCHEM","ANNUAL GENERAL MEETING AND DIVIDEND RS.10/- PER SHARE","10","2010-07-12"
"ORCHIDCHEM","AGM/DIVIDEND - 30%","30.00%","2008-09-18"
"ORCHIDCHEM","AGM/DIVIDEND-30%","30.00%","2007-07-12"
"ORCHIDCHEM","AGM/DIVIDEND-30%","30.00%","2006-05-30"
"ORCHIDCHEM","AGM/DIVIDEND-40%","40.00%","2005-07-13"
"ORIENTBANK","ANNUAL GENERAL MEETING AND DIVIDEND RS.9.10 PER SHARE","9.1","2010-06-14"
"ORIENTBANK","ANNUAL GENERAL MEETING AND DIVIDEND RS.10.40 PER SHARE","10.4","2011-06-14"
"ORIENTBANK","INTERIM DIVIDEND-20%","20.00%","2007-03-07"
"ORIENTBANK","AGM/DIVIDEND-27%","27.00%","2007-06-06"
"ORIENTBANK","AGM/DIVIDEND-30%","30.00%","2005-06-29"
"ORIENTBANK","AGM/DIVIDEND-45%","45.00%","2006-06-01"
"ORIENTBANK","AGM/DIVIDEND-47%","47.00%","2008-06-09"
"ORIENTBANK","AGM/DIVIDEND - 73%","73.00%","2009-06-16"
"PANTALOONR","AGM/DIV-RE0.50 PER SH","0.5","2007-11-07"
"PANTALOONR","DIVIDEND-RE.0.60 PR SHARE","0.6","2009-11-25"
"PANTALOONR","DIVIDEND-RE.0.80 PER SHARE","0.8","2010-10-20"
"PANTALOONR","AGM/DIV-RS.2.50/- PER SH","2.5","2006-11-08"
"PANTALOONR","AGM/DIV-RS.2.50/- PER SH","2.5","2005-11-11"
"PANTALOONR","AGM/DIV-30%/BON 1DVR:10EQ","30.00%","2008-11-05"
"PATELENG","AGM/DIV-RE.0.95 PER SHARE","0.95","2009-07-20"
"PATELENG","AGM/DIV FIN 20% + INT 80%PURPOSE REVISED","100.00%","2008-07-28"
"PATELENG","INTERIM DIVIDEND-130%","130.00%","2007-10-29"
"PATELENG","INTERIM DIVIDEND-130%    PURPOSE REVISED","130.00%","2007-03-21"
"PATELENG","AGM/DIVIDEND-30%","30.00%","2006-09-07"
"PATELENG","AGM/DIVIDEND-60%","60.00%","2005-09-22"
"PATNI","AGM/DIV-RS.3/- PER SHARE","3","2009-06-16"
"PATNI","FINAL DIVIDEND-RS.3/- PER SHARE","3","2010-06-14"
"PATNI","SPECIAL INTERIM DIVIDEND-RS.63/- PER SHARE","63","2010-08-30"
"PATNI","AGM/DIVIDEND-100%","100.00%","2005-06-07"
"PATNI","AGM/FINAL DIVIDEND-125%","125.00%","2006-06-13"
"PATNI","AGM/DIVIDEND-150%","150.00%","2008-06-17"
"PATNI","AGM/FINAL DIVIDEND-150%","150.00%","2007-06-12"
"PETRONET","AGM/DIV-RS.1.75 PER SHARE","1.75","2009-06-11"
"PETRONET","ANNUAL GENERAL MEETING AND DIVIDEND RS.1.75 PER SHARE","1.75","2010-06-10"
"PETRONET","ANNUAL GENERAL MEETING AND DIVIDEND RS.2/- PER SHARE","2","2011-06-16"
"PETRONET","AGM/DIVIDEND-12.5%","12.50%","2007-05-30"
"PETRONET","AGM/DIVIDEND - 15%","15.00%","2008-05-22"
"PFC","AGM/DIV-RS.1.35 PER SHARE","1.35","2009-09-07"
"PFC","ANNUAL GENERAL MEETING AND DIVIDEND RS.1.50 PER SHARE","1.5","2010-09-03"
"PFC","INTERIM DIVIDEND-RS.3.50 PER SHARE (PURPOSE REVISED)","3.5","2011-01-21"
"PFC","AGM/DIVIDEND - 10%","10.00%","2008-07-14"
"PFC","AGM/FINAL DIVIDEND-10%","10.00%","2007-09-07"
"PFC","INTERIM DIVIDEND - 25%   PURPOSE REVISED","25.00%","2008-02-11"
"PFC","INTERIM DIVIDEND - 26.5% PURPOSE REVISED","26.50%","2009-02-24"
"PIRHEALTH","AGM/DIV-RS.3/- PER SHARE","3","2006-06-15"
"PIRHEALTH","AGM/DIV-RS.4.20 PER SHARE","4.2","2009-06-05"
"PIRHEALTH","DIVIDEND-RS.5.40 PER SHARE","5.4","2010-06-29"
"PIRHEALTH","INTERIM DIVIDEND-150%    PURPOSE REVISED","150.00%","2007-03-23"
"PIRHEALTH","DIV150%/RGHT1:10 PR-RS173","150.00%","2005-06-24"
"PIRHEALTH","AGM/DIVIDEND - 210%","210.00%","2008-06-16"
"PIRHEALTH","AGM/FINAL DIVIDEND-25%","25.00%","2007-05-31"
"PNB","AGM/FIN DIV-RS.6/- PER SH","6","2007-06-07"
"PNB","ANNUAL GENERAL MEETING AND FINAL DIVIDEND RS.12/- PER SHARE","12","2010-07-08"
"PNB","AGM/DIV-RS.20/- PER SHARE","20","2009-06-04"
"PNB","ANNUAL GENERAL MEETING AND DIVIDEND RS.22/- PER SHARE","22","2011-06-16"
"PNB","AGM/DIVIDEND - 130%","130.00%","2008-05-29"
"PNB","AGM/FINAL DIVIDEND-30%   PURPOSE REVISED","30.00%","2006-06-22"
"PNB","INTERIM DIVIDEND-40%","40.00%","2007-02-14"
"POLARIS","AGM/DIV-RS.1.25 PER SHARE","1.25","2009-07-09"
"POLARIS","AGM/DIV-RS.1.75 PER SHARE","1.75","2010-07-08"
"POLARIS","INT DIV-RS.1.75 PER SHARE","1.75","2010-02-04"
"POLARIS","AGM/DIVIDEND-25%","25.00%","2006-08-07"
"POLARIS","2ND INTERIM DIVIDEND-25% PURPOSE REVISED","25.00%","2007-04-04"
"POLARIS","AGM/DIVIDEND - 30%","30.00%","2008-07-09"
"POLARIS","INTERIM DIVIDEND - 30%","30.00%","2009-02-05"
"POLARIS","DIVIDEND-35%","35.00%","2005-07-08"
"POWERGRID","INTERIM DIVIDEND-RE.0.50 PER SHARE (PURPOSE REVISED)","0.5","2011-02-11"
"POWERGRID","INT DIV-RE.0.50 PER SHAREPURPOSE REVISED","0.5","2010-01-11"
"POWERGRID","DIVIDEND-RE.0.70 PR SHARE","0.7","2009-08-21"
"POWERGRID","ANNUAL GENERAL MEETING AND DIVIDEND RE.1/- PER SHARE","1","2010-09-07"
"POWERGRID","INTERIM DIVIDEND - 5%    PURPOSE REVISED","5.00%","2008-03-10"
"POWERGRID","INTERIM DIVIDEND - 5%    PURPOSE REVISED","5.00%","2009-02-04"
"POWERGRID","AGM/DIVIDEND - 7%","7.00%","2008-09-01"
"PRAJIND","INT DIV-RS.1.44 PER SHAREPURPOSE REVISED","1.44","2010-01-28"
"PRAJIND","INTERIM DIV-RS.1.98 PR SHPURPOSE REVISED","1.98","2008-02-07"
"PRAJIND","INTERIM DIVIDEND-45%     PURPOSE REVISED","45.00%","2006-10-19"
"PRAJIND","INT DIV-65%+SPL DIV-25%  PURPOSE REVISED","80.00%","2009-02-06"
"PTC","AGM/DIV-RS.1.20 PER SHARE","1.2","2009-09-17"
"PTC","ANNUAL GENERAL MEETING AND DIVIDEND RS.1.20 PER SHARE","1.2","2010-09-16"
"PTC","AGM/DIVIDEND - 10%","10.00%","2008-07-24"
"PTC","AGM/DIVIDEND-10%","10.00%","2007-09-13"
"PTC","AGM/DIVIDEND-10%","10.00%","2006-07-05"
"PTC","AGM/DIVIDEND-8%","8.00%","2005-09-21"
"PUNJLLOYD","ANNUAL GENERAL MEETING AND DIVIDEND RE.0.15 PER SHARE","0.15","2010-07-23"
"PUNJLLOYD","AGM/DIV-RE.0.30 PER SHARE","0.3","2009-07-20"
"PUNJLLOYD","AGM/DIVIDEND-10%","10.00%","2006-09-13"
"PUNJLLOYD","AGM/DIVIDEND-15%","15.00%","2007-07-18"
"PUNJLLOYD","AGM/DIVIDEND - 20%","20.00%","2008-07-17"
"RANBAXY","DIVIDEND - RS. 2 PER SHARE","2","2011-04-28"
"RANBAXY","INT DIV-RS.2.50 PER SHARE","2.5","2007-11-01"
"RANBAXY","AGM/DIV-RS.6/- PER SHARE","6","2008-05-21"
"RANBAXY","AGM/FIN DIV-RS.6/- PER SH","6","2006-06-15"
"RANBAXY","INTERIM DIVIDEND-50%","50.00%","2006-11-02"
"RAYMOND","ANNUAL GENERAL MEETING AND DIVIDEND RE.1/- PER SHARE","1","2011-05-18"
"RAYMOND","AGM/DIVIDEND - 25%","25.00%","2008-05-30"
"RAYMOND","AGM/DIVIDEND-40%","40.00%","2005-05-30"
"RAYMOND","AGM/DIVIDEND-50%","50.00%","2007-05-30"
"RAYMOND","AGM/DIVIDEND-50%","50.00%","2006-06-06"
"RCOM","INT DIV-RE.0.80 PER SHAREPURPOSE REVISED","0.8","2009-08-04"
"RCOM","ANNUAL GENERAL MEETING AND DIVIDEND RE.0.85 PER SHARE","0.85","2010-09-13"
"RCOM","AGM/DIVIDEND-10%","10.00%","2007-07-05"
"RCOM","AGM/DIVIDEND - 15%","15.00%","2008-09-19"
"RECLTD","AGM/DIV-RS.2.50 PER SHARE","2.5","2009-09-03"
"RECLTD","ANNUAL GENERAL MEETING AND DIVIDEND RS.3.50 PER SHARE","3.5","2010-08-24"
"RECLTD","INTERIM DIVIDEND-RS.3.50 PER SHARE (PURPOSE REVISED)","3.5","2011-02-11"
"RECLTD","AGM/DIVIDEND - 30%","30.00%","2008-09-08"
"RELCAPITAL","AGM/DIV-RS.3.50 PER SH","3.5","2007-05-30"
"RELCAPITAL","DIVIDEND-RS5.50 PER SHARE","5.5","2008-06-18"
"RELCAPITAL","ANNUAL GENERAL MEETING AND DIVIDEND RS.6.50 PER SHARE","6.5","2010-09-13"
"RELCAPITAL","DIVIDEND-RS.6.50 PR SHARE","6.5","2009-06-30"
"RELCAPITAL","DIVIDEND-30%","30.00%","2005-05-30"
"RELIANCE","DIVIDEND RS 7 PER SHARE","7","2010-05-10"
"RELIANCE","DIVIDEND-RS.13 PER SHARE","13","2008-05-08"
"RELINFRA","AGM/FIN DIV-RS3.80 PER SH","3.8","2006-05-25"
"RELINFRA","AGM/DIV-RS.5.30 PER SH","5.3","2007-06-28"
"RELINFRA","INTERIM DIVIDEND-RS.7.10 PER SHARE (PURPOSE REVISED)","7.1","2010-05-19"
"RELINFRA","DIVIDEND-14%","14.00%","2005-05-30"
"RELINFRA","AGM/DIVIDEND - 63%","63.00%","2008-07-04"
"RELMEDIA","AGM/DIV-RS.2.50 PER SHARE","2.5","2008-07-30"
"RELMEDIA","AGM/DIVIDEND-40%","40.00%","2005-09-20"
"RELMEDIA","AGM/DIVIDEND-45%","45.00%","2006-07-21"
"RELMEDIA","AGM/DIVIDEND-50%","50.00%","2007-10-19"
"RENUKA","INTERIM DIVIDEND-RE.1/- PER SHARE (PURPOSE REVISED)","1","2010-10-05"
"RENUKA","DIV-INT RE .50+SPL RE .50PURPOSE REVISED","1","2009-10-06"
"RENUKA","AGM/DIVIDEND - 20%","20.00%","2008-12-22"
"RENUKA","AGM/DIVIDEND-20%","20.00%","2005-12-21"
"RENUKA","AGM/FINAL DIVIDEND-20%","20.00%","2006-12-14"
"RENUKA","FINAL DIVIDEND - 20%","20.00%","2007-12-19"
"ROLTA","AGM/DIV-RS.3 PER SHARE","3","2008-11-12"
"ROLTA","AGM/DIV-RS.3/- PER SHARE","3","2009-11-13"
"ROLTA","ANNUAL GENERAL MEETING AND DIVIDEND RS.3.25 PER SHARE","3.25","2010-11-15"
"ROLTA","AGM/DIV-RS.3.50/- PER SH","3.5","2005-11-11"
"ROLTA","AGM/DIV-RS.4/- PER SH","4","2006-11-17"
"ROLTA","AGM/DIV-RS.5.00 PER SH","5","2007-11-07"
"RUCHISOYA","DIVIDEND-RE.0.50 PER SHARE","0.5","2010-09-23"
"RUCHISOYA","AGM/DIV-RE.0.50 PER SHAREPURPOSE REVISED","0.5","2009-09-17"
"RUCHISOYA","AGM/DIVIDEND-20%         PURPOSE REVISED","20.00%","2005-09-15"
"RUCHISOYA","AGM/DIVIDEND-22%","22.00%","2006-12-21"
"RUCHISOYA","AGM/DIVIDEND-24%","24.00%","2007-09-20"
"RUCHISOYA","DIVIDEND - 25%           PURPOSE REVISED","25.00%","2008-09-18"
"SAIL","INTERIM DIVIDEND-RS.1.20 PER SHARE (PURPOSE REVISED)","1.2","2011-01-18"
"SAIL","AGM/DIV-RS.1.30 PER SHARE","1.3","2009-07-30"
"SAIL","INT DIV-RS.1.60 PER SHAREPURPOSE REVISED","1.6","2010-02-01"
"SAIL","FINAL DIVIDEND-RS.1.70 PER SHARE","1.7","2010-07-29"
"SAIL","INTERIM DIVIDEND - 13%   PURPOSE REVISED","13.00%","2009-01-30"
"SAIL","AGM/DIVIDEND-15%","15.00%","2007-08-08"
"SAIL","INTERIM DIVIDEND-16%     PURPOSE REVISED","16.00%","2007-02-01"
"SAIL","AGM/DIVIDEND - 18%","18.00%","2008-07-31"
"SAIL","AGM/DIVIDEND-18%","18.00%","2005-08-11"
"SAIL","INTERIM DIVIDEND - 19%   PURPOSE REVISED","19.00%","2008-02-01"
"SAIL","AGM/DIVIDEND-7.5%","7.50%","2006-08-10"
"SBIN","DIVIDEND-RS.12.50 PER SHA","12.5","2005-06-17"
"SBIN","DIVIDEND-RS.14 PER SHARE","14","2006-06-19"
"SBIN","FINAL DIVIDEND-RS.20/- PER SHARE (PURPOSE REVISED)","20","2010-06-09"
"SBIN","DIV-RS.21.50 PER SHARE","21.5","2008-05-29"
"SBIN","DIVIDEND-RS.30/- PER SHARE (PURPOSE REVISED)","30","2011-05-20"
"SCI","AGM/DIV-RS.3/- PER SHARE","3","2005-09-16"
"SCI","INTERIM DIVIDEND-RS.3/- PER SHARE (PURPOSE REVISED)","3","2011-02-11"
"SCI","ANNUAL GENERAL MEETING AND FINAL DIVIDEND RS.5/- PER SHARE","5","2010-09-20"
"SCI","AGM/DIV-RS.6.5 PER SHARE","6.5","2009-09-18"
"SCI","INT DIV-RS.8.50 PER SHAREPURPOSE REVISED","8.5","2007-04-03"
"SCI","AGM/DIVIDEND - 40%","40.00%","2008-09-19"
"SCI","INTERIM DIVIDEND - 45%   PURPOSE REVISED","45.00%","2008-02-27"
"SESAGOA","AGM/DIV-RS.2.25 PER SHAREBC DATES REVISED","2.25","2009-07-31"
"SESAGOA","DIVIDEND-RS.3.25 PR SHARE","3.25","2010-07-02"
"SESAGOA","DIVIDEND-RS.3.50 PER SHARE","3.5","2011-06-30"
"SESAGOA","AGM/FIN DIV-RS25/- PER SHBC DATES REVISED","25","2007-09-21"
"SESAGOA","DIVIDEND-200%","200.00%","2005-07-11"
"SESAGOA","AGM/DIVIDEND - 300%","300.00%","2008-07-11"
"SIEMENS","DIVIDEND - RS.4.80 PER SH","4.8","2008-01-14"
"SIEMENS","AGM/DIV-FIN-45% + SPL-55%","100.00%","2006-01-06"
"SIEMENS","AGM/DIVIDEND - 150%","150.00%","2009-01-14"
"SIEMENS","AGM/DIVIDEND - 190%","190.00%","2007-01-02"
"SINTEX","AGM/DIV-RS.1.10 PER SHARE","1.1","2009-09-25"
"SINTEX","ANNUAL GENERAL MEETING AND DIVIDEND RS.1.20 PER SHARE","1.2","2010-09-09"
"SINTEX","AGM/DIVIDEND-40%","40.00%","2005-08-30"
"SINTEX","AGM/DIVIDEND-44%","44.00%","2006-06-13"
"SINTEX","AGM/DIVIDEND - 48%","48.00%","2007-06-13"
"SINTEX","AGM/DIVIDEND - 50%","50.00%","2008-08-28"
"SOBHA","AGM/DIV-RE.1/- PER SHARE","1","2009-06-11"
"SOBHA","DIVIDEND-RS.2.50 PR SHARE","2.5","2010-06-03"
"SOBHA","AGM/DIVIDEND-55%","55.00%","2007-08-02"
"SOBHA","AGM/DIVIDEND - 65%","65.00%","2008-07-16"
"SREINFRA","AGM/DIV-RE.1/- PER SHARE","1","2009-08-26"
"SREINFRA","DIVIDEND RE 1.20 PER SHARE","1.2","2010-07-21"
"SREINFRA","AGM/DIVIDEND-10%","10.00%","2007-08-13"
"SREINFRA","AGM/DIVIDEND - 12%","12.00%","2008-09-10"
"SREINFRA","DIVIDEND-15%","15.00%","2005-07-12"
"SREINFRA","AGM/DIVIDEND-16.5%","16.50%","2006-06-06"
"SRTRANSFIN","AGM/INT DIV - RE.1 PER SH","1","2006-12-13"
"SRTRANSFIN","INT DIVIDEND-RE.1 PER SH","1","2007-12-17"
"SRTRANSFIN","INTERIM DIVIDEND-RS.2.50 PER SHARE","2.5","2010-11-08"
"SRTRANSFIN","AGM/DIV- RS 4/- PER SHARE","4","2008-07-24"
"SRTRANSFIN","AGM/DIV-RS.4/- PER SHARE","4","2010-06-03"
"SRTRANSFIN","AGM/DIV-RS.4/- PER SHARE","4","2009-07-16"
"SRTRANSFIN","ANNUAL GENERAL MEETING AND FINAL DIVIDEND-RS.4/- PER SHARE","4","2011-06-10"
"SRTRANSFIN","INTERIM DIVIDEND - 10%","10.00%","2008-11-10"
"SRTRANSFIN","AGM/DIVIDEND-15%","15.00%","2005-08-30"
"SRTRANSFIN","AGM/FINAL DIVIDEND-20%","20.00%","2007-08-10"
"SRTRANSFIN","INTERIM DIVIDEND-20%","20.00%","2006-07-13"
"STER","AGM/DIV-RS.3.50 PER SHARE","3.5","2009-09-14"
"STER","DIVIDEND-RS.3.75 PER SHARE","3.75","2010-05-19"
"STER","AGM/DIVIDEND - 200%","200.00%","2008-08-14"
"STER","AGM/DIVIDEND-60%","60.00%","2005-08-23"
"STER","AGM/DIVIDEND-62.5%","62.50%","2006-09-08"
"STRTECH","ANNUAL GENERAL MEETING AND FINAL DIVIDEND RE.0.50 PER SHARE","0.5","2010-07-05"
"STRTECH","AGM/DIVIDEND-10%","10.00%","2006-08-09"
"STRTECH","AGM/DIVIDEND-15%","15.00%","2007-07-06"
"STRTECH","DIVIDEND - 20%","20.00%","2008-07-23"
"STRTECH","DIVIDEND - 25%","25.00%","2009-07-16"
"SUNPHARMA","DIV-RS.13.75 PER SHARE","13.75","2009-08-21"
"SUNPHARMA","DIVIDEND-RS.13.75 PER SHARE","13.75","2010-09-09"
"SUNPHARMA","AGM/DIVIDEND-110%","110.00%","2006-09-06"
"SUNPHARMA","INTERIM DIVIDEND-135%    PURPOSE REVISED","135.00%","2007-03-15"
"SUNPHARMA","DIVIDEND - 210%","210.00%","2008-08-25"
"SUNPHARMA","AGM/DIVIDEND-75%","75.00%","2005-09-19"
"SUNTV","AGM/DIV-RE.1/- PER SHARE","1","2009-08-20"
"SUNTV","INT DIV-RS.1.50 PER SHAREPURPOSE REVISED","1.5","2010-01-28"
"SUNTV","INTERIM DIVIDEND-RS.5/- PER SHARE (PURPOSE REVISED)","5","2011-02-02"
"SUNTV","ANNUAL GENERAL MEETING / DIVIDEND RS 6 PER SHARE","6","2010-07-22"
"SUNTV","AGM/DIVIDEND-20%","20.00%","2006-09-13"
"SUNTV","AGM/SPL/BON-1:1/DIV-20%","20.00%","2007-07-23"
"SUNTV","INTERIM DIVIDEND - 30%   PURPOSE REVISED","30.00%","2009-02-02"
"SUNTV","INTERIM DIVIDEND-30%","30.00%","2007-02-13"
"SUNTV","AGM/DIVIDEND - 50%","50.00%","2008-08-12"
"SUZLON","AGM/DIVIDEND-RE.1 PER SH.","1","2008-07-17"
"SUZLON","AGM/DIV-RS.2.50/- PER SH","2.5","2006-07-06"
"SYNDIBANK","ANNUAL GENERAL MEETING AND DIVIDEND RS.3/- PER SHARE","3","2010-06-16"
"SYNDIBANK","ANNUAL GENERAL MEETING AND DIVIDEND RS.3.70 PER SHARE","3.7","2011-06-15"
"SYNDIBANK","AGM/FINAL DIVIDEND-10%","10.00%","2006-06-19"
"SYNDIBANK","AGM/DIVIDEND - 13%","13.00%","2008-06-13"
"SYNDIBANK","AGM/FINAL DIVIDEND-13%","13.00%","2007-06-12"
"SYNDIBANK","DIVIDEND-14%","14.00%","2005-05-20"
"SYNDIBANK","AGM/DIVIDEND - 15%","15.00%","2009-06-17"
"SYNDIBANK","INTERIM DIVIDEND - 15%","15.00%","2009-04-20"
"SYNDIBANK","INTERIM DIVIDEND - 15%","15.00%","2008-03-28"
"SYNDIBANK","INTERIM DIVIDEND-15%","15.00%","2006-12-06"
"TATACHEM","AGM/DIV.RS.6.50 PER SHARE","6.5","2005-06-29"
"TATACHEM","AGM/DIV-RS.7/- PER SH","7","2006-06-29"
"TATACHEM","AGM/DIV-RS.8/- PER SH","8","2007-07-06"
"TATACHEM","AGM/DIV-RS.9 PER SHARE","9","2008-07-18"
"TATACHEM","AGM/DIV-RS.9/- PER SHARE","9","2009-07-14"
"TATACOMM","AGM/DIV-RS.4.50 PER SH","4.5","2006-08-11"
"TATACOMM","AGM/DIV-RS.4.50 PER SHARE","4.5","2008-07-24"
"TATACOMM","DIVIDEND-RS.4.50 PER SH","4.5","2007-07-13"
"TATACOMM","DIVIDEND-RS.4.50 PR SHARE","4.5","2009-07-22"
"TATACOMM","DIV-(FIN-RS4.5+SPL-RS1.5)","6","2005-08-30"
"TATAGLOBAL","ANNUAL GENERAL MEETING AND DIVIDEND RS.2/- PER SHARE","2","2010-08-05"
"TATAGLOBAL","AGM/DIV-RS.12/- PER SH","12","2006-07-21"
"TATAGLOBAL","AGM/DIV-RS.15/- PER SH","15","2007-07-23"
"TATAGLOBAL","AGM/DIV-17.50 PER SHARE","17.5","2009-08-13"
"TATAGLOBAL","AGM/DIV-RS.15 + SPL-RS.20","35","2008-08-01"
"TATAGLOBAL","AGM/DIVIDEND-100%","100.00%","2005-07-21"
"TATAMOTORS","DIVIDEND-RS.15 PER SHARE PURPOSE REVISED","15","2008-06-16"
"TATAMOTORS","DIV FIN-100% + SPL-25%","125.00%","2005-06-23"
"TATAMOTORS","DIVIDEND-130%","130.00%","2006-06-23"
"TATAMOTORS","AGM/DIVIDEND-150%","150.00%","2007-06-01"
"TATAMTRDVR","DIVIDEND-RS.6.50 PR SHARE","6.5","2009-08-03"
"TATAMTRDVR","DIVIDEND-RS.15.50 PER SHARE","15.5","2010-08-10"
"TATAPOWER","AGM/DIV-RS.11.50 PR SHARE","11.5","2009-07-14"
"TATAPOWER","AGM/DIVIDEND - 105%","105.00%","2008-08-18"
"TATAPOWER","AGM/DIVIDEND-75%","75.00%","2005-07-12"
"TATAPOWER","AGM/DIVIDEND-85%","85.00%","2006-07-07"
"TATAPOWER","AGM/DIVIDEND-95%","95.00%","2007-07-17"
"TATASTEEL","ANNUAL GENERAL MEETING AND DIVIDEND RS.8/- PER SHARE","8","2010-07-12"
"TATASTEEL","AGM/DIV-RS.16/- PER SHARE","16","2009-07-06"
"TATASTEEL","AGM/DIVIDEND-130%        PURPOSE REVISED","130.00%","2006-05-26"
"TATASTEEL","DIVIDEND-130%","130.00%","2005-06-07"
"TATASTEEL","AGM/DIV FIN-130%+SPL-25%","155.00%","2007-06-08"
"TATASTEEL","AGM/DIVIDEND - 160%","160.00%","2008-07-18"
"TCS","INT DIV - RS.3 PER SHARE PURPOSE REVISED","3","2008-07-31"
"TCS","INT DIV-RS.3.00 PER SHAREPURPOSE REVISED","3","2007-10-22"
"TCS","3RD INT DIV - RS 3 PER SH","3","2008-01-23"
"TCS","3RD INT DIV-RS.3 PER SH  PURPOSE REVISED","3","2009-01-28"
"TCS","AGM/FIN DIV-RS.4/- PER SH","4","2007-06-15"
"TCS","AGM/DIV- RS 5/- PER SHARE","5","2008-06-18"
"TCS","FINAL DIVIDEND RS.4/- PER SHARE AND SPECIAL DIVIDEND RS.10/- PER SHARE","14","2010-06-15"
"TCS","AGM/FINAL DIVIDEND-450%","450.00%","2006-06-16"
"TCS","AGM/DIVIDEND-500%","500.00%","2005-07-06"
"TECHM","AGM/DIV-RS.3.50 PER SHARE","3.5","2010-07-21"
"TECHM","INTERIM DIVIDEND-15%     PURPOSE REVISED","15.00%","2007-03-21"
"TECHM","INTERIM DIVIDEND - 40%   PURPOSE REVISED","40.00%","2008-10-27"
"TECHM","AGM/DIVIDEND-55%","55.00%","2008-07-17"
"TITAN","AGM/DIV-RS.10/- PER SHARE","10","2009-07-10"
"TITAN","AGM/DIVIDEND-20%","20.00%","2005-08-12"
"TITAN","AGM/DIVIDEND-30%","30.00%","2006-08-04"
"TITAN","AGM/DIVIDEND-50%","50.00%","2007-07-11"
"TITAN","AGM/DIVIDEND - 80%","80.00%","2008-07-15"
"TRIVENI","ANNUAL GENERAL MEETING/FINAL DIVIDEND RE.0.20 PER SHARE/SPECIAL DIVIDEND RE.0.15 PER SHARE","0.35","2011-02-11"
"TRIVENI","INTERIM DIVIDEND-RE.0.40 PER SHARE","0.4","2010-05-18"
"TRIVENI","DIVIDEND-RE.0.70 PR SHARE","0.7","2009-12-22"
"TRIVENI","FINAL DIVIDEND-10%","10.00%","2007-12-14"
"TRIVENI","2ND INTERIM DIVIDEND-15%","15.00%","2007-06-14"
"TRIVENI","INTERIM DIVIDEND - 30%","30.00%","2009-05-11"
"TRIVENI","INTERIM DIVIDEND - 35%","35.00%","2006-11-02"
"TRIVENI","DIVIDEND-50%","50.00%","2006-06-26"
"TRIVENI","DIVIDEND-60%","60.00%","2008-12-18"
"TULIP","ANNUAL GENERAL MEETING AND FINAL DIVIDEND RS.1.60 PER SHARE","1.6","2010-08-18"
"TULIP","AGM/DIVIDEND-10%","10.00%","2006-09-18"
"TULIP","AGM/DIVIDEND - 20%","20.00%","2008-09-18"
"TULIP","AGM/FINAL DIVIDEND-20%","20.00%","2007-09-21"
"TV-18","INT DIV-RS.1.25 PER SH","1.25","2007-11-16"
"TV-18","2ND INTERIM DIVIDEND-15%","15.00%","2008-05-13"
"TV-18","INTERIM DIVIDEND-40%","40.00%","2007-03-22"
"TVSMOTOR","AGM/FIN DIV-RE0.15 PER SH","0.15","2007-08-10"
"TVSMOTOR","INTERIM DIVIDEND-RE.0.50 PER SHARE (PURPOSE REVISED)","0.5","2011-01-25"
"TVSMOTOR","2ND INTERIM DIVIDEND-RE.0.50 PER SHARE (PURPOSE REVISED)","0.5","2010-07-26"
"TVSMOTOR","AGM/DIV-RS.0.70 PER SHARE","0.7","2008-08-06"
"TVSMOTOR","INT DIV-RE.0.70 PER SH   PURPOSE REVISED","0.7","2006-10-27"
"TVSMOTOR","INT DIV-RE.0.70 PER SHAREPURPOSE REVISED","0.7","2010-01-25"
"TVSMOTOR","INT DIV-RE.0.70 PER SHAREPURPOSE REVISED","0.7","2009-06-29"
"TVSMOTOR","2ND INTERIM DIVIDEND-60%","60.00%","2005-06-03"
"TVSMOTOR","2ND INTERIM DIVIDEND-60%","60.00%","2006-07-03"
"UCOBANK","AGM/DIV-RE.1/- PER SHARE","1","2009-06-16"
"UCOBANK","ANNUAL GENERAL MEETING AND DIVIDEND RS.1.50 PER  SHARE","1.5","2010-06-23"
"UCOBANK","AGM/DIVIDEND - 10%","10.00%","2008-06-19"
"UCOBANK","AGM/DIVIDEND-10%","10.00%","2005-06-01"
"ULTRACEMCO","DIVIDEND-RE.0.75 PER SH.","0.75","2005-08-11"
"ULTRACEMCO","AGM/DIV-RS.5/- PER SHARE","5","2009-07-09"
"ULTRACEMCO","FINAL DIVIDEND-RS.6/- PER SHARE","6","2010-06-21"
"ULTRACEMCO","AGM/DIVIDEND - 50%","50.00%","2008-07-09"
"UNIONBANK","AGM/DIV-RS.5/- PER SHARE","5","2009-06-18"
"UNIONBANK","ANNUAL GENERAL MEETING AND DIVIDEND RS.5.50 PER SHARE","5.5","2010-06-24"
"UNIONBANK","ANNUAL GENERAL MEETING AND DIVIDEND RS.8/- PER SHARE","8","2011-06-16"
"UNIONBANK","AGM/FINAL DIVIDEND-15%","15.00%","2005-06-07"
"UNIONBANK","INTERIM DIVIDEND-15%","15.00%","2007-01-11"
"UNIONBANK","AGM/FINAL DIVIDEND-20%","20.00%","2007-06-14"
"UNIONBANK","AGM/FINAL DIVIDEND-35%","35.00%","2006-06-08"
"UNIONBANK","AGM/DIVIDEND - 40%","40.00%","2008-06-17"
"UNIPHOS","AGM/DIV-RS.1.50 PER SHARE","1.5","2009-09-03"
"UNIPHOS","ANNUAL GENERAL MEETING AND DIVIDEND RS.2/- PER SHARE","2","2010-08-26"
"UNIPHOS","AGM/DIVIDEND - 100%","100.00%","2008-09-04"
"UNIPHOS","AGM/DIVIDEND-40%","40.00%","2005-08-17"
"UNIPHOS","AGM/DIVIDEND-50%","50.00%","2006-09-07"
"UNIPHOS","INTERIM DIVIDEND-60%     PURPOSE REVISED","60.00%","2007-03-21"
"UNITECH","AGM/DIV-RE.0.10 PER SHARE","0.1","2009-08-06"
"UNITECH","ANNUAL GENERAL MEETING AND DIVIDEND RE.0.20 PER SHARE","0.2","2010-09-02"
"UNITECH","AGM/DIVIDEND-10%","10.00%","2006-08-17"
"UNITECH","AGM/DIVIDEND - 12.5%","12.50%","2008-08-25"
"UNITECH","AGM/DIVIDEND-25%","25.00%","2007-07-20"
"UNITECH","AGM/DIVIDEND-40%","40.00%","2005-09-15"
"VIDEOIND","AGM/DIV-RE.1/- PER SHARE","1","2009-03-13"
"VIDEOIND","ANNUAL GENERAL MEETING AND DIVIDEND RE.1/- PER SHARE","1","2011-06-14"
"VIDEOIND","AGM/DIV-RS.2/RH2:9@PRM215","2","2010-03-18"
"VIDEOIND","AGM/DIV-RS.2.50 PER SH","2.5","2006-03-16"
"VIDEOIND","AGM/DIV-RS.3.50/- PER SH","3.5","2007-03-15"
"VIDEOIND","AGM/DIVIDEND - 35%","35.00%","2008-03-14"
"VIJAYABANK","AGM/DIV-RE.1/- PER SHARE","1","2009-07-02"
"VIJAYABANK","ANNUAL GENERAL MEETING AND DIVIDEND RS.2.50 PER SHARE","2.5","2010-07-02"
"VIJAYABANK","ANNUAL GENERAL MEETING/DIVIDEND RS.2.50 PER SHARE/ELECTION OF DIRECTORS","2.5","2011-06-17"
"VIJAYABANK","AGM/DIVIDEND - 10%","10.00%","2007-06-18"
"VIJAYABANK","DIVIDEND-10%","10.00%","2006-05-11"
"VIJAYABANK","INTERIM DIVIDEND-10%","10.00%","2006-11-06"
"VIJAYABANK","AGM/DIVIDEND - 20%","20.00%","2008-06-12"
"VOLTAS","AGM/DIV-RS.1.60 PER SHARE","1.6","2009-07-10"
"VOLTAS","ANNUAL GENERAL MEETING AND DIVIDEND RS.2/- PER SHARE","2","2010-07-16"
"VOLTAS","AGM/DIVIDEND-100%","100.00%","2007-07-06"
"VOLTAS","AGM/DIVIDEND-135%","135.00%","2008-06-27"
"VOLTAS","AGM/DIV-(FIN-35%+SPL-15%)","50.00%","2005-07-29"
"VOLTAS","AGM/DIVIDEND-60%","60.00%","2006-07-07"
"WELCORP","DIVIDEND-RS.1.50 PR SHARE","1.5","2009-06-08"
"WELCORP","AGM/DIVIDEND-10%","10.00%","2006-09-21"
"WELCORP","AGM/DIVIDEND-20%","20.00%","2007-07-09"
"WELCORP","AGM/DIVIDEND - 30%","30.00%","2008-07-29"
"WIPRO","AGM/FIN DIV-RE.1/- PER SH","1","2007-06-28"
"WIPRO","INTERIM DIVIDEND-RS.2/- PER SHARE (PURPOSE REVISED)","2","2011-01-27"
"WIPRO","AGM/DIV - RS.4 PER SHARE","4","2009-06-29"
"WIPRO","AGM/DIV-RS.4 PER SHARE","4","2008-06-27"
"WIPRO","ANNUAL GENERAL MEETING AND DIVIDEND RS.4/- PER SHARE","4","2011-06-29"
"WIPRO","AGM/ DIVIDEND-RS.5 PER SH","5","2005-06-29"
"WIPRO","AGM/FIN DIV-RS.5/- PER SH","5","2006-06-29"
"YESBANK","ANNUAL GENERAL MEETING AND DIVIDEND RS.1.50 PER SHARE","1.5","2010-06-24"
"YESBANK","ANNUAL GENERAL MEETING AND DIVIDEND RS.2.50 PER SHARE","2.5","2011-06-17"
"ZEEL","AGM/DIV-RS.2/- PER SHARE","2","2009-08-06"
"ZEEL","ANNUAL GENERAL MEETING / DIVIDEND RS.2/- PER SHARE / SCHEME OF ARRANGEMENT","2","2010-10-07"
"ZEEL","SPL INT DIV-RS.2/- PR SHR","2","2010-04-29"
"ZEEL","AGM/DIVIDEND-100%","100.00%","2005-09-20"
"ZEEL","SCH OF ARNGMNT/DIV-100%  PURPOSE REVISED","100.00%","2006-12-18"
"ZEEL","AGM/DIVIDEND-150%","150.00%","2007-08-08"
"ZEEL","AGM/DIVIDEND-200%","200.00%","2008-07-17"
