"Symbol","Ex.date","Purpose","Series","       "
"3IINFOTECH","30/06/2005","AGM/DIV.-RE.1/- PER SHARE","EQ",0.1
"3IINFOTECH","07/07/2008","AGM/DIV-RS.1.50 PER SHARE","EQ",1.5
"3IINFOTECH","09/07/2009","AGM/DIV-RS.1.50 PER SHARE","EQ",1.5
"3IINFOTECH","08/07/2010","DIVIDEND-RS.1.50 PER SHARE","EQ",1.5
"3IINFOTECH","30/06/2006","AGM/DIV-RS.2/- PER SH","EQ",2
"3IINFOTECH","05/07/2007","AGM/DIVIDEND-RS.2 PER SH","EQ",2
"ABAN","08/09/2009","AGM/DIV-RS.3.60 PER SHARE","EQ",3.6
"ABAN","15/09/2010","ANNUAL GENERAL MEETING AND DIVIDEND RS.3.60 PER SHARE","EQ",3.6
"ABAN","22/08/2005","DIVIDEND-100%","EQ","100.00%"
"ABAN","06/07/2006","AGM/DIVIDEND-130%        PURPOSE REVISED","EQ","130.00%"
"ABAN","08/08/2007","DIVIDEND-150%","EQ","150.00%"
"ABAN","08/09/2008","DIVIDEND - 180%","EQ","180.00%"
"ABB","03/05/2010","AGM/DIV-RS.2/- PER SHARE","EQ",2
"ABB","02/05/2011","ANNUAL GENERAL MEETING AND DIVIDEND - RS.2/- PER SHARE","EQ",2
"ABB","11/05/2009","AGM/DIV-RS.2.20 PER SHARE","EQ",2.2
"ABB","26/05/2008","AGM/DIV-RS2.20 PER SHARE","EQ",2.2
"ABB","12/05/2006","AGM/DIV-RS.8/- PER SH","EQ",8
"ABB","14/05/2007","AGM/DIV-RS.10/- PER SH","EQ",10
"ABGSHIP","20/09/2007","AGM/DIV-RS.1.50/- PER SH","EQ",1.5
"ABGSHIP","16/09/2010","ANNUAL GENERAL MEETING AND DIVIDEND RS.4/- PER SHARE","EQ",4
"ABGSHIP","11/09/2008","AGM/DIVIDEND - 20%","EQ","20.00%"
"ABIRLANUVO","09/06/2005","AGM/ DIV-RS.4/- PER SHARE","EQ",4
"ABIRLANUVO","02/07/2009","AGM/DIV-RS.4/- PER SHARE","EQ",4
"ABIRLANUVO","08/08/2006","AGM/DIV-RS.5/- PER SH","EQ",5
"ABIRLANUVO","03/07/2008","AGM/DIV-RS.5.75 PER SHARE","EQ",5.75
"ABIRLANUVO","20/03/2007","INTERIM DIVIDEND-55%     PURPOSE REVISED","EQ","55.00%"
"ACC","29/03/2006","AGM/DIVIDEND-RS8/- PER SH","EQ",8
"ACC","24/03/2009","AGM/DIV-RS.10/- PER SHARE","EQ",10
"ACC","10/04/2008","AGM/DIVIDEND - RS10 PR SH","EQ",10
"ACC","31/07/2008","INT DIV - RS.10 PER SHAREPURPOSE REVISED","EQ",10
"ACC","28/07/2010","INTERIM DIVIDEND-RS.10/- PER SHARE (PURPOSE REVISED)","EQ",10
"ACC","14/03/2007","AGM/DIV-RS.15/- PER SH","EQ",15
"ACC","29/03/2011","FINAL DIVIDEND RS.13/- PER SHARE AND ONE TIME SPECIAL DIVIDEND RS.7.50/- PER SHARE","EQ",21.5
"ADANIENT","20/08/2009","AGM/DIV-RE.1/- PER SHARE","EQ",0.1
"ADANIENT","12/08/2010","ANNUAL GENERAL MEETING AND DIVIDEND RE.1/- PER SHARE","EQ",0.1
"ADANIENT","05/08/2005","AGM/DIVIDEND-40%","EQ","40.00%"
"ADANIENT","24/07/2006","AGM/FINAL DIVIDEND-45%","EQ","45.00%"
"ADANIENT","22/03/2007","INTERIM DIVIDEND-45%     PURPOSE REVISED","EQ","45.00%"
"ADANIENT","18/09/2008","AGM/DIVIDEND - 60%","EQ","60.00%"
"ALBK","19/05/2009","AGM/DIV-RS.2.50 PER SHARE","EQ",2.5
"ALBK","13/05/2010","AGM/DIVIDEND RS 5.50 PER SHARE/ ELECTION OF  DIRECTOR","EQ",5.5
"ALBK","12/05/2011","ANNUAL GENERAL MEETING AND DIVIDEND RS.6/- PER SHARE","EQ",6
"ALBK","02/06/2005","AGM/EGM/FIN DIVIDEND-15%","EQ","15.00%"
"ALBK","07/06/2007","AGM/DIVIDEND - 30%","EQ","30.00%"
"ALBK","29/05/2008","AGM/DIVIDEND - 35%       PURPOSE REVISED","EQ","35.00%"
"ALBK","29/06/2006","AGM/FINAL DIVIDEND-40%","EQ","40.00%"
"ALOKTEXT","08/09/2010","ANNUAL GENERAL MEETING AND DIVIDEND RE.0.25 PER SHARE","EQ",0.25
"ALOKTEXT","28/04/2009","INT DIV-RS.0.75 PER SHAREPURPOSE REVISED","EQ",0.75
"ALOKTEXT","18/09/2008","AGM/DIVIDEND - 12%","EQ","12.00%"
"ALOKTEXT","18/09/2006","AGM/DIVIDEND-12%","EQ","12.00%"
"ALOKTEXT","15/09/2005","AGM/DIVIDEND-12%","EQ","12.00%"
"ALOKTEXT","14/09/2007","AGM/DIVIDEND-14%","EQ","14.00%"
"AMBUJACEM","14/02/2008","FINAL DIVIDEND-RE.1 PR SH","EQ",0.1
"AMBUJACEM","18/02/2010","DIVIDEND-RS.1.20 PR SHARE","EQ",1.2
"AMBUJACEM","04/08/2009","INT DIV-RS.1.20 PER SHARE","EQ",1.2
"AMBUJACEM","05/08/2010","INTERIM DIVIDEND-RS.1.20 PER SHARE","EQ",1.2
"AMBUJACEM","11/02/2011","FINAL DIVIDEND-RS.1.40 PER SHARE","EQ",1.4
"AMBUJACEM","03/08/2007","DIV INT-RS1.20+SPL-RS1.30","EQ",2.5
"AMBUJACEM","17/08/2005","DIVIDEND-30%","EQ","30.00%"
"AMBUJACEM","21/02/2007","FINAL DIVIDEND-40%","EQ","40.00%"
"AMBUJACEM","18/02/2009","FINAL DIVIDEND - 50%","EQ","50.00%"
"AMBUJACEM","04/05/2006","INTERIM DIVIDEND-50%","EQ","50.00%"
"AMBUJACEM","08/08/2008","INTERIM DIVIDEND - 60%","EQ","60.00%"
"AMBUJACEM","02/11/2006","INTERIM DIVIDEND-75%","EQ","75.00%"
"ANDHRABANK","12/06/2009","AGM/DIV-RS.4.50 PER SHARE","EQ",4.5
"ANDHRABANK","03/06/2010","ANNUAL GENERAL MEETING AND DIVIDEND RS.5/- PER SHARE","EQ",5
"ANDHRABANK","15/06/2011","ANNUAL GENERAL MEETING AND DIVIDEND RS.5.50 PER SHARE","EQ",5.5
"ANDHRABANK","11/05/2005","DIVIDEND-15%             PURPOSE REVSIED","EQ","15.00%"
"ANDHRABANK","19/06/2007","AGM/FINAL DIVIDEND-18%","EQ","18.00%"
"ANDHRABANK","10/06/2008","AGM/DIVIDEND - 20%","EQ","20.00%"
"ANDHRABANK","14/03/2008","INTERIM DIVIDEND - 20%   PURPOSE REVISED","EQ","20.00%"
"ANDHRABANK","22/03/2007","INTERIM DIVIDEND-20%     PURPOSE REVISED","EQ","20.00%"
"ANDHRABANK","12/05/2006","DIVIDEND-35%","EQ","35.00%"
"APIL","14/07/2006","AGM/DIV-RS.4/- PER SH","EQ",4
"APIL","15/07/2005","AGM/ DIV.-RS.5.50/-PER SH","EQ",5.5
"APIL","15/07/2008","AGM/DIV-RS.8 PER SHARE","EQ",8
"APIL","13/07/2009","AGM/DIV-RS.10/- PER SHARE","EQ",10
"APIL","29/06/2011","ANNUAL GENERAL MEETING AND DIVIDEND RS.10/- PER SHARE","EQ",10
"APIL","13/07/2007","AGM/DIVIDEND-100%","EQ","100.00%"
"APOLLOTYRE","29/06/2009","AGM/DIV-RE0.45 PER SHARE","EQ",0.45
"APOLLOTYRE","14/07/2010","ANNUAL GENERAL MEETING AND DIVIDEND RE.0.75 PER SHARE","EQ",0.75
"APOLLOTYRE","21/08/2006","AGM/DIV-RS.4.50 PER SH","EQ",4.5
"APOLLOTYRE","23/03/2007","INT DIV-RS.4.50 PER SHARE","EQ",4.5
"APOLLOTYRE","27/06/2008","AGM/DIVIDEND - 50%","EQ","50.00%"
"AREVATANDD","26/04/2011","DIVIDEND-RS.1.80 PER SHARE","EQ",1.8
"AREVATANDD","13/04/2010","DIVIDEND-RS.1.80 PR SHARE","EQ",1.8
"AREVATANDD","29/04/2009","AGM/DIVIDEND - 90%       BC DATES REVISED","EQ","90.00%"
"ASHOKLEY","14/07/2009","AGM/DIV-RE.1/- PER SHARE","EQ",0.1
"ASHOKLEY","16/07/2010","ANNUAL GENERAL MEETING AND DIVIDEND RS.1.50 PER SHARE","EQ",1.5
"ASHOKLEY","29/06/2011","ANNUAL GENERAL MEETING AND DIVIDEND RS.2/- PER SHARE","EQ",2
"ASHOKLEY","07/07/2005","AGM/DIVIDEND-100%","EQ","100.00%"
"ASHOKLEY","12/07/2006","AGM/DIVIDEND-120%","EQ","120.00%"
"ASHOKLEY","16/07/2008","AGM/DIVIDEND - 150%","EQ","150.00%"
"ASHOKLEY","28/03/2007","INTERIM DIVIDEND-150%    PURPOSE REVISED","EQ","150.00%"
"ASIANPAINT","25/10/2007","INT DIV-RS.6.50 PER SH   PURPOSE REVISED","EQ",6.5
"ASIANPAINT","20/03/2007","2ND INT DIV-RS6.50 PER SHPURPOSE REVISED","EQ",6.5
"ASIANPAINT","26/10/2009","INT DIV-RS.8.50 PER SHAREPURPOSE REVISED","EQ",8.5
"ASIANPAINT","29/10/2010","INTERIM DIVIDEND-RS.8.50 PER SHARE (PURPOSE REVISED)","EQ",8.5
"ASIANPAINT","17/06/2009","AGM/DIV-RS.11/- PER SHARE","EQ",11
"ASIANPAINT","30/06/2010","ANNUAL GENERAL MEETING AND DIVIDEND RS.18.50 PER SHARE","EQ",18.5
"ASIANPAINT","09/06/2011","ANNUAL GENERAL MEETING AND DIVIDEND RS.23.50 PER SHARE","EQ",23.5
"ASIANPAINT","13/06/2007","AGM/DIVIDEND - 10%","EQ","10.00%"
"ASIANPAINT","12/06/2008","AGM/DIVIDEND - 105%","EQ","105.00%"
"ASIANPAINT","22/06/2005","AGM/FINAL DIVIDEND-55%","EQ","55.00%"
"ASIANPAINT","03/11/2006","INTERIM DIVIDEND-55%     PURPOSE REVISED","EQ","55.00%"
"ASIANPAINT","29/10/2008","INTERIM DIVIDEND - 65%   PURPOSE REVISED","EQ","65.00%"
"ASIANPAINT","15/06/2006","AGM/DIV FIN-55% + SPL-25%","EQ","80.00%"
"AUROPHARMA","16/12/2009","AGM/DIV-RS.1.50 PER SHARE","EQ",1.5
"AUROPHARMA","13/09/2010","ANNUAL GENERAL MEETING AND DIVIDEND RS.2/- PER SHARE","EQ",2
"AUROPHARMA","11/11/2010","INTERIM DIVIDEND - RS 5 PER SHARE","EQ",5
"AUROPHARMA","20/09/2005","AGM/DIVIDEND-10%","EQ","10.00%"
"AUROPHARMA","08/09/2006","AGM/DIVIDEND-30%","EQ","30.00%"
"AUROPHARMA","14/09/2007","AGM/DIVIDEND-50%","EQ","50.00%"
"AUROPHARMA","05/02/2009","INTERIM DIVIDEND - 60%   PURPOSE REVISED","EQ","60.00%"
"AUROPHARMA","11/08/2008","AGM/DIVIDEND - 65%","EQ","65.00%"
"AXISBANK","20/05/2010","AGM/DIV-RS.12/- PER SHARE","EQ",12
"AXISBANK","08/06/2011","ANNUAL GENERAL MEETING AND DIVIDEND RS.14/- PER SHARE","EQ",14
"AXISBANK","14/05/2009","AGM/DIVIDEND - 100%","EQ","100.00%"
"AXISBANK","16/05/2006","AGM/DIVIDEND-35%","EQ","35.00%"
"AXISBANK","17/05/2007","AGM/DIVIDEND-45%","EQ","45.00%"
"AXISBANK","22/05/2008","AGM/DIVIDEND - 60%","EQ","60.00%"
"BAJAJAUTO","08/07/2010","ANNUAL GENERAL MEETING / DIVIDEND RS.40/- PER SHARE","EQ",40
"BAJAJAUTO","29/06/2011","ANNUAL GENERAL MEETING AND DIVIDEND RS.40/- PER SHARE","EQ",40
"BAJAJAUTO","27/06/2008","AGM/DIVIDEND - 200%","EQ","200.00%"
"BAJAJAUTO","02/07/2009","AGM/DIV.RS.22/-PER SHARE","EQ",0.22
"BAJAJHIND","10/03/2011","ANNUAL GENERAL MEETING AND DIVIDEND OF RE. 0.70 PER SHARE.","EQ",0.7
"BAJAJHIND","11/03/2010","AGM/DIV-RE.0.70 PER SHARE","EQ",0.7
"BAJAJHIND","16/03/2006","AGM/DIVIDEND-50%","EQ","50.00%"
"BAJAJHIND","12/03/2009","AGM/DIVIDEND - 60%","EQ","60.00%"
"BAJAJHIND","14/02/2008","AGM/DIVIDEND - 60%","EQ","60.00%"
"BAJAJHIND","15/03/2007","AGM/DIVIDEND-60%","EQ","60.00%"
"BAJAJHLDNG","02/07/2009","AGM/DIV.-RS.10/-PER SHARE","EQ",0.1
"BAJAJHLDNG","29/06/2005","AGM/DIV - RS.25/- PER SH","EQ",25
"BAJAJHLDNG","08/07/2010","ANNUAL GENERAL MEETING / DIVIDEND RS 30 PER SHARE","EQ",30
"BAJAJHLDNG","29/06/2011","ANNUAL GENERAL MEETING AND DIVIDEND RS.35/- PER SHARE","EQ",35
"BAJAJHLDNG","28/06/2007","AGM/DIV-RS.40/- PER SH","EQ",40
"BAJAJHLDNG","29/06/2006","AGM/DIV-RS.40/- PER SH","EQ",40
"BAJAJHLDNG","27/06/2008","AGM/DIVIDEND - 200%","EQ","200.00%"
"BALRAMCHIN","12/01/2010","AGM/DIV-RS.3/- PER SHARE","EQ",3
"BALRAMCHIN","22/12/2006","AGM/DIVIDEND - 150%","EQ","150.00%"
"BALRAMCHIN","11/07/2005","AGM/DIVIDEND-160%","EQ","160.00%"
"BALRAMCHIN","16/05/2006","INTERIM DIVIDEND-200%    PURPOSE REVISED","EQ","200.00%"
"BALRAMCHIN","16/01/2009","AGM / DIVIDEND - 50%","EQ","50.00%"
"BANKBARODA","18/06/2009","AGM/DIV.RS.9/- PER SHARE","EQ",0.9
"BANKBARODA","24/06/2010","ANNUAL GENERAL MEETING AND DIVIDEND RS.15/- PER SHARE","EQ",15
"BANKBARODA","23/06/2011","ANNUAL GENERAL MEETING AND DIVIDEND RS.16.50 PER SHARE","EQ",16.5
"BANKBARODA","21/06/2007","AGM/DIVIDEND-30%","EQ","30.00%"
"BANKBARODA","22/03/2007","INTERIM DIVIDEND-30%     PURPOSE REVISED","EQ","30.00%"
"BANKBARODA","29/06/2006","DIVIDEND-50%","EQ","50.00%"
"BANKBARODA","17/07/2008","AGM/DIVIDEND - 80%","EQ","80.00%"
"BANKINDIA","02/07/2009","AGM/DIV-RS.5/- PER SHARE","EQ",5
"BANKINDIA","08/07/2010","ANNUAL GENERAL MEETING AND DIVIDEND RS.7/- PER SHARE","EQ",7
"BANKINDIA","30/06/2005","AGM/DIVIDEND-10%","EQ","10.00%"
"BANKINDIA","29/06/2007","AGM/DIVIDEND-15%","EQ","15.00%"
"BANKINDIA","19/12/2006","DIVIDEND -20%","EQ","20.00%"
"BANKINDIA","04/07/2006","AGM/DIVIDEND-30%","EQ","30.00%"
"BANKINDIA","13/03/2009","INTERIM DIVIDEND - 30%   PURPOSE REVISED","EQ","30.00%"
"BANKINDIA","03/07/2008","AGM/DIVIDEND - 40%","EQ","40.00%"
"BATAINDIA","06/05/2010","AGM/DIV-RS.3/- PER SHARE","EQ",3
"BATAINDIA","10/06/2011","ANNUAL GENERAL MEETING AND DIVIDEND RS.4/- PER SHARE","EQ",4
"BATAINDIA","29/05/2008","AGM/FIN DIV-15%+AD DIV-5%BC DATES REVISED","EQ","20.00%"
"BATAINDIA","07/05/2009","AGM/DIVIDEND - 25%","EQ","25.00%"
"BEL","28/01/2009","INT DIV-RS.6 PER SHARE   PURPOSE REVISED","EQ",6
"BEL","02/02/2011","INTERIM DIVIDEND-RS.6/- PER SHARE (PURPOSE REVISED)","EQ",6
"BEL","14/09/2009","AGM/DIV-RS.12.70 PR SHARE","EQ",12.7
"BEL","13/09/2010","ANNUAL GENERAL MEETING AND DIVIDEND RS.13.20 PER SHARE","EQ",13.2
"BEL","01/09/2006","AGM/DIVIDEND-106%","EQ","106.00%"
"BEL","07/09/2007","AGM/FINAL DIVIDEND-140%","EQ","140.00%"
"BEL","12/09/2008","AGM/DIVIDEND - 147%","EQ","147.00%"
"BEL","31/08/2005","AGM/DIVIDEND-72%","EQ","72.00%"
"BEML","09/08/2010","ANNUAL GENERAL MEETING AND DIVIDEND RS.10/- PER SHARE","EQ",10
"BEML","13/02/2007","INTERIM DIVIDEND-40%","EQ","40.00%"
"BEML","04/03/2008","INTERIM DIVIDEND - 55%","EQ","55.00%"
"BEML","25/09/2008","AGM/DIVIDEND - 65%","EQ","65.00%"
"BEML","18/09/2006","AGM/DIVIDEND-70%","EQ","70.00%"
"BEML","11/07/2007","2ND INTERIM DIVIDEND-80%","EQ","80.00%"
"BEML","19/09/2005","AGM/DIVIDEND-85%","EQ","85.00%"
"BGRENERGY","07/09/2009","AGM/DIV-RS.3/- PER SHARE","EQ",3
"BGRENERGY","16/09/2010","ANNUAL GENERAL MEETING AND DIVIDEND RS.7/- PER SHARE","EQ",7
"BGRENERGY","11/09/2008","AGM/DIVIDEND - 20%","EQ","20.00%"
"BHARATFORG","20/07/2005","SPL RS10 TO RS2 /DIV-125%","EQ","125.00%"
"BHARATFORG","20/07/2006","DIVIDEND-150%","EQ","150.00%"
"BHARATFORG","31/07/2008","DIVIDEND - 175%","EQ","175.00%"
"BHARATFORG","19/07/2007","DIVIDEND-175%","EQ","175.00%"
"BHARTIARTL","18/08/2010","ANNUAL GENERAL MEETING AND DIVIDEND RE.1/- PER SHARE","EQ",0.1
"BHARTIARTL","24/07/2009","AGM/DIV-RS.2/FV RS10TORS5","EQ",5
"BHEL","01/09/2009","AGM/DIV-RS.8/- PER SHARE","EQ",8
"BHEL","01/09/2010","ANNUAL GENERAL MEETING AND FINAL DIVIDEND RS.12.30 PER SHARE","EQ",12.3
"BHEL","18/03/2011","INTERIM DIVIDEND RS.13.25 PER SHARE (PURPOSE REVISED)","EQ",13.25
"BHEL","13/02/2007","INTERIM DIVIDEND-125%","EQ","125.00%"
"BHEL","01/09/2006","AGM/DIVIDEND-20%","EQ","20.00%"
"BHEL","06/09/2005","AGM/DIVIDEND-45%","EQ","45.00%"
"BHEL","30/08/2007","AGM/FINAL DIVIDEND-60%","EQ","60.00%"
"BHEL","01/09/2008","AGM/FINAL DIVIDEND- 62.5%","EQ","62.50%"
"BHEL","17/02/2009","INTERIM DIVIDEND - 90%","EQ","90.00%"
"BHUSANSTL","17/09/2009","AGM/DIV-RS.2.50 PER SHARE","EQ",2.5
"BHUSANSTL","21/09/2010","ANNUAL GENERAL MEETING / DIVIDEND RS.2.50 PER SHARE AND FACE VALUE SPLIT FROM RS.10/- TO RS.2/-","EQ",2.5
"BHUSANSTL","08/09/2005","AGM/DIVIDEND-15%","EQ","15.00%"
"BHUSANSTL","17/09/2008","AGM/DIVIDEND - 25%","EQ","25.00%"
"BHUSANSTL","11/09/2007","AGM/DIVIDEND-25%","EQ","25.00%"
"BHUSANSTL","14/09/2006","AGM/DIVIDEND-25%","EQ","25.00%"
"BIOCON","05/05/2011","INTERIM DIVIDEND-RS.1.50 PER SHARE (PURPOSE REVISED)","EQ",1.5
"BIOCON","29/06/2006","AGM/FIN DIV-RS2.50 PER SH","EQ",2.5
"BIOCON","08/07/2009","AGM/DIV-RS.3/- PER SHARE BC START DATE REVISED","EQ",3
"BIOCON","08/07/2010","ANNUAL GENERAL MEETING AND DIVIDEND RS.3.50 PER SHARE","EQ",3.5
"BIOCON","03/07/2008","FIN DIV-60% + SPL DIV-40%","EQ","100.00%"
"BIOCON","29/06/2005","DIVIDEND-40%","EQ","40.00%"
"BIOCON","28/06/2007","AGM/DIVIDEND - 60%","EQ","60.00%"
"BOMDYEING","30/07/2010","DIVIDEND-RS.2.50 PER SHARE","EQ",2.5
"BOMDYEING","08/08/2008","AGM/DIV-RS.3.50 PER SHAREBC END DATE REVISED","EQ",3.5
"BOMDYEING","03/07/2007","AGM/DIV-RS.5/- PER SH","EQ",5
"BOMDYEING","04/07/2006","AGM/DIVIDEND-RS.5/-PER SH","EQ",5
"BOSCHLTD","14/05/2007","AGM/FIN DIV-RS.4/- PER SH","EQ",4
"BOSCHLTD","28/04/2006","AGM/FIN DIV-RS.12 PER SH","EQ",12
"BOSCHLTD","07/05/2009","AGM/DIV-RS.25/- PER SHARE","EQ",25
"BOSCHLTD","14/05/2008","AGM/DIV-RS25 PER SHARE","EQ",25
"BOSCHLTD","13/05/2010","AGM/DIV-RS.30/- PER SHARE","EQ",30
"BOSCHLTD","12/05/2011","DIVIDEND - RS. 40 PER SHARE","EQ",40
"BOSCHLTD","23/06/2011","SPECIAL DIVIDEND RS.85/- PER SHARE","EQ",85
"BPCL","26/08/2009","AGM/DIV-RS.7/- PER SHARE","EQ",7
"BPCL","08/09/2010","ANNUAL GENERAL MEETING AND DIVIDEND RS.14/- PER SHARE","EQ",14
"BPCL","04/09/2007","AGM/FINAL DIVIDEND-100%","EQ","100.00%"
"BPCL","15/11/2006","DIVIDEND-25%","EQ","25.00%"
"BPCL","10/09/2008","AGM/DIVIDEND - 40%","EQ","40.00%"
"BPCL","15/01/2007","INTERIM DIVIDEND - 60%","EQ","60.00%"
"BRFL","17/08/2006","AGM/DIV-RE.1/- PER SH","EQ",0.1
"BRFL","16/08/2007","AGM/FIN DIV-RS1.25 PER SH","EQ",1.25
"BRFL","17/09/2009","AGM/DIV-RS.1.50 PER SHARE","EQ",1.5
"BRFL","14/09/2010","ANNUAL GENERAL MEETING AND DIVIDEND RS.1.50 PER SHARE","EQ",1.5
"BRFL","18/09/2008","AGM/DIVIDEND - 15%","EQ","15.00%"
"CANBK","08/07/2009","AGM/DIV-RS.8/- PER SHARE","EQ",8
"CANBK","14/06/2010","ANNUAL GENERAL MEETING/DIVIDEND RS.10/- PER SHARE/ELECTION OF DIRECTORS","EQ",10
"CANBK","26/07/2005","AGM/DIVIDEND-30%","EQ","30.00%"
"CANBK","14/06/2006","AGM/DIVIDEND-66%","EQ","66.00%"
"CANBK","26/06/2007","AGM/DIV-70%/ELEC. OF DIR","EQ","70.00%"
"CANBK","10/06/2008","AGM/DIVIDEND-80%","EQ","80.00%"
"CENTRALBK","08/07/2010","FINAL DIVIDEND-RE.1.20 PER SHARE","EQ",1.2
"CENTRALBK","22/07/2008","AGM/DIV-RS.2 PER SHARE","EQ",2
"CENTRALBK","27/07/2009","AGM/DIV-RS.2/- PER SHARE","EQ",2
"CENTURYTEX","10/07/2009","AGM/DIV-RS.4.50 PR SHARE","EQ",4.5
"CENTURYTEX","12/07/2010","ANNUAL GENERAL MEETING AND DIVIDEND RS.5.50 PER SHARE","EQ",5.5
"CENTURYTEX","05/07/2005","AGM / DIVIDEND-25%","EQ","25.00%"
"CENTURYTEX","20/06/2006","AGM/DIVIDEND-30%","EQ","30.00%"
"CENTURYTEX","20/03/2007","INTERIM DIVIDEND-37.5%   PURPOSE REVISED","EQ","37.50%"
"CENTURYTEX","07/07/2008","AGM/DIVIDEND - 45%","EQ","45.00%"
"CESC","09/07/2009","AGM/DIV-RS.4/- PER SHARE","EQ",4
"CESC","08/07/2010","ANNUAL GENERAL MEETING AND DIVIDEND RS.4/- PER SHARE","EQ",4
"CESC","14/07/2005","AGM/DIVIDEND-25%","EQ","25.00%"
"CESC","06/07/2006","AGM/DIVIDEND-25%","EQ","25.00%"
"CESC","12/07/2007","AGM/DIVIDEND-35%","EQ","35.00%"
"CESC","17/07/2008","AGM/DIVIDEND - 40%","EQ","40.00%"
"CHAMBLFERT","31/07/2009","DIVIDEND-RS.1.80 PR SHARE","EQ",1.8
"CHAMBLFERT","30/07/2010","DIVIDEND-RS.1.90 PER SHARE","EQ",1.9
"CHAMBLFERT","30/07/2008","DIVIDEND - 18%","EQ","18.00%"
"CHAMBLFERT","17/07/2006","DIVIDEND-18%","EQ","18.00%"
"CHAMBLFERT","29/09/2005","DIVIDEND-18%","EQ","18.00%"
"CHAMBLFERT","16/07/2007","DIVIDEND-18%","EQ","18.00%"
"CHENNPETRO","20/08/2010","ANNUAL GENERAL MEETING AND DIVIDEND RS.12/- PER SHARE","EQ",12
"CHENNPETRO","22/08/2008","AGM/DIVIDEND - 120%","EQ","120.00%"
"CHENNPETRO","11/08/2005","AGM/DIVIDEND-120%","EQ","120.00%"
"CHENNPETRO","24/08/2007","AGM/DIVIDEND-120%        BC REVISED","EQ","120.00%"
"CHENNPETRO","29/05/2008","INTERIM DIVIDEND-50%","EQ","50.00%"
"CHENNPETRO","16/08/2006","AGM/DIVIDEND-90%","EQ","90.00%"
"CIPLA","03/09/2010","SPECIAL INTERIM DIVIDEND RE.0.80 PER SHARE","EQ",0.8
"CIPLA","08/08/2007","AGM/DIV-RS.2/- PER SH","EQ",2
"CIPLA","18/08/2006","AGM/DIV-RS.2/- PER SH","EQ",2
"CIPLA","10/08/2009","AGM/DIV-RS.2/- PER SHARE","EQ",2
"CIPLA","23/07/2010","ANNUAL GENERAL MEETING AND DIVIDEND RS.2/- PER SHARE","EQ",2
"CIPLA","12/08/2008","DIVIDEND - RS.2 PER SHARE","EQ",2
"CIPLA","19/08/2005","AGM/DIV-RS.3.5/- PER SH  PURPOSE REVISED","EQ",3.5
"COLPAL","14/12/2010","2ND INTERIM DIVIDEND RS.5/- PER SHARE (PURPOSE REVISED)","EQ",5
"COLPAL","08/07/2008","AGM/DIV-RS.7 PER SHARE","EQ",7
"COLPAL","30/03/2011","3RD INTERIM DIVIDEND-RS.7/- PER SHARE (PURPOSE REVISED)","EQ",7
"COLPAL","13/06/2011","1ST INTERIM DIVIDEND RS.8/- PER SHARE (PURPOSE REVISED)","EQ",8
"COLPAL","12/12/2008","1ST INT DIV-RS.9 PER SH  PURPOSE REVISED","EQ",9
"COLPAL","17/08/2010","1ST INTERIM DIVIDEND-RS.10/- PER SHARE (PURPOSE REVISED)","EQ",10
"CONCOR","12/08/2008","AGM/DIV-RS. 7.50/- PER SH","EQ",7.5
"CONCOR","28/01/2011","INTERIM DIVIDEND-RS.7.50 PER SHARE","EQ",7.5
"CONCOR","14/02/2008","INTERIM DIV- RS.11 PER SH","EQ",11
"CONCOR","08/08/2007","AGM/DIVIDEND-110%","EQ","110.00%"
"CONCOR","31/01/2007","INTERIM DIVIDEND-110%","EQ","110.00%"
"CONCOR","09/02/2009","INTERIM DIVIDEND - 60%","EQ","60.00%"
"CONCOR","16/08/2006","AGM/FINAL DIVIDEND-80%","EQ","80.00%"
"CONCOR","14/09/2005","AGM/DIVIDEND-85%","EQ","85.00%"
"COREPROTEC","23/09/2010","ANNUAL GENERAL MEETING AND DIVIDEND RE.0.60 PER SHARE","EQ",0.6
"COREPROTEC","17/09/2009","AGM/DIV-RE.0.60 PER SHARE","EQ",0.6
"COREPROTEC","24/07/2008","AGM/DIVIDEND - 10%","EQ","10.00%"
"COREPROTEC","06/06/2007","AGM/DIV-5%/SPL-RS10TORS2 PURPOSE REVISED","EQ","5.00%"
"CROMPGREAV","28/03/2011","3RD INTERIM DIVIDEND-RE.0.60 PER SHARE (PURPOSE REVISED)","EQ",0.6
"CROMPGREAV","04/02/2008","INTERIM DIV-RS.0.80 PR SHPURPOSE REVISED","EQ",0.8
"CROMPGREAV","29/10/2010","INTERIM DIVIDEND-RE.0.80 PER SHARE (PURPOSE REVISED)","EQ",0.8
"CROMPGREAV","30/10/2009","INT DIV-RE.0.80 PER SHAREPURPOSE REVISED","EQ",0.8
"CROMPGREAV","03/02/2011","2ND INTERIM DIVIDEND-RE.0.80 PER SHARE (PURPOSE REVISED)","EQ",0.8
"CROMPGREAV","04/02/2010","2ND INT DIV-RS.1.40 PR SHPURPOSE REVISED","EQ",1.4
"CROMPGREAV","26/10/2006","INTERIM DIVIDEND-20%     PURPOSE REVISED","EQ","20.00%"
"CROMPGREAV","02/11/2007","INTERIM DIVIDEND-20%     PURPOSE REVISED","EQ","20.00%"
"CROMPGREAV","03/04/2008","3RD INT DIV - 20%        PURPOSE REVISED","EQ","20.00%"
"CROMPGREAV","01/02/2007","INTERIM DIVIDEND-25%     PURPOSE REVISED","EQ","25.00%"
"CROMPGREAV","23/03/2007","3RD INTERIM DIVIDEND-25% PURPOSE REVISED","EQ","25.00%"
"CROMPGREAV","30/03/2009","3RD INTERIM DIVIDEND-25% PURPOSE REVISED","EQ","25.00%"
"CROMPGREAV","27/10/2008","INTERIM DIVIDEND - 35%   PURPOSE REVISED","EQ","35.00%"
"CROMPGREAV","29/01/2009","INTERIM DIVIDEND - 40%   PURPOSE REVISED","EQ","40.00%"
"CUMMINSIND","14/02/2008","INTERIM DIV- RS.2 PER SH","EQ",2
"CUMMINSIND","23/07/2009","AGM/DIV-RS.2.60/-PERSHARE","EQ",2.6
"CUMMINSIND","05/08/2010","ANNUAL GENERAL MEETING AND DIVIDEND RS.6/- PER SHARE","EQ",6
"CUMMINSIND","10/02/2011","INTERIM DIVIDEND-RS.7/- PER SHARE (PURPOSE REVISED)","EQ",7
"CUMMINSIND","15/07/2005","AGM/DIVIDEND-100%","EQ","100.00%"
"CUMMINSIND","19/07/2007","AGM/FINAL DIVIDEND-100%","EQ","100.00%"
"CUMMINSIND","17/07/2006","AGM/FINAL DIVIDEND-100%","EQ","100.00%"
"CUMMINSIND","08/02/2007","INTERIM DIVIDEND-100%","EQ","100.00%"
"CUMMINSIND","15/12/2008","SPECIAL DIVIDEND - 120%  PURPOSE REVISED","EQ","120.00%"
"CUMMINSIND","17/07/2008","AGM/DIVIDEND-130%","EQ","130.00%"
"CUMMINSIND","03/02/2009","INTERIM DIVIDEND - 200%  PURPOSE REVISED","EQ","200.00%"
"DABUR","29/06/2009","AGM/DIV-RE.1/- PER SHARE","EQ",0.1
"DABUR","02/11/2010","INTERIM DIVIDEND-RE.0.50 PER SHARE (PURPOSE REVISED)","EQ",0.5
"DABUR","29/06/2011","ANNUAL GENERAL MEETING AND DIVIDEND - RE. 0.65 PER SHARE","EQ",0.65
"DABUR","30/10/2009","INT DIV-RE.0.75 PER SHAREPURPOSE REVISED","EQ",0.75
"DABUR","03/08/2010","ANNUAL GENERAL MEETING AND FINAL DIVIDEND RS.1.25 PER SHARE","EQ",1.25
"DABUR","21/06/2006","AGM/DIVIDEND-100%","EQ","100.00%"
"DABUR","03/11/2006","INTERIM DIVIDEND-100%    PURPOSE REVISED","EQ","100.00%"
"DABUR","29/06/2005","AGM/DIVIDEND-150%","EQ","150.00%"
"DABUR","19/06/2008","AGM/DIVIDEND - 75%","EQ","75.00%"
"DABUR","29/10/2007","INTERIM DIVIDEND - 75%   PURPOSE REVISED","EQ","75.00%"
"DABUR","02/02/2009","INTERIM DIVIDEND - 75%   PURPOSE REVISED","EQ","75.00%"
"DABUR","16/03/2007","INTERIM DIVIDEND-75%     PURPOSE REVISED","EQ","75.00%"
"DCHL","23/09/2005","DIVIDEND-10%","EQ","10.00%"
"DCHL","04/08/2006","DIVIDEND-10%","EQ","10.00%"
"DCHL","11/09/2008","AGM/DIVIDEND - 100%","EQ","100.00%"
"DCHL","22/12/2008","INTERIM DIVIDEND - 100%  PURPOSE REVISED","EQ","100.00%"
"DCHL","13/08/2007","INTERIM DIVIDEND-50%","EQ","50.00%"
"DCHL","01/02/2007","INTERIM DIVIDEND-50%","EQ","50.00%"
"DENABANK","02/07/2009","AGM/DIV-RS.1.20 PER SHARE","EQ",1.2
"DENABANK","07/07/2010","ANNUAL GENERAL MEETING AND DIVIDEND RS.2/- PER SHARE","EQ",2
"DENABANK","26/06/2008","AGM/DIVIDEND - 10%","EQ","10.00%"
"DENABANK","14/06/2007","AGM/DIVIDEND-8%","EQ","8.00%"
"DIVISLAB","15/06/2009","AGM/DIV-RS.6/- PER SHARE","EQ",6
"DIVISLAB","02/07/2010","ANNUAL GENERAL MEETING AND DIVIDEND RS.6/- PER SHARE","EQ",6
"DIVISLAB","16/06/2011","ANNUAL GENERAL MEETING AND DIVIDEND RS.10/- PER SHARE","EQ",10
"DIVISLAB","23/08/2006","AGM/DIVIDEND-100%","EQ","100.00%"
"DIVISLAB","23/03/2007","INTERIM DIVIDEND-100%    PURPOSE REVISED","EQ","100.00%"
"DIVISLAB","26/06/2008","AGM/DIVIDEND - 200%","EQ","200.00%"
"DIVISLAB","11/08/2005","AGM/DIVIDEND-80%","EQ","80.00%"
"DLF","17/09/2010","ANNUAL GENERAL MEETING AND DIVIDEND RS.2/- PER SHARE","EQ",2
"DLF","19/09/2008","AGM/DIVIDEND - 100%","EQ","100.00%"
"DLF","18/09/2007","AGM/DIVIDEND-100%","EQ","100.00%"
"DLF","05/11/2007","INTERIM DIVIDEND-100%    PURPOSE REVISED","EQ","100.00%"
"DRREDDY","03/07/2009","AGM/DIV-RS.6.25 PER SHARE","EQ",6.25
"DRREDDY","30/06/2011","ANNUAL GENERAL MEETING AND DIVIDEND RS.11.25 PER SHARE","EQ",11.25
"DRREDDY","02/07/2010","ANNUAL GENERAL MEETING AND FINAL DIVIDEND RS.11.25 PER SHARE","EQ",11.25
"DRREDDY","07/07/2006","DIVIDEND-100%","EQ","100.00%"
"DRREDDY","04/07/2008","AGM/DIVIDEND - 75%","EQ","75.00%"
"DRREDDY","06/07/2007","DIVIDEND-75%","EQ","75.00%"
"EDUCOMP","16/09/2010","ANNUAL GENERAL MEETING AND DIVIDEND RS.1.75 PER SHARE","EQ",1.75
"EDUCOMP","17/09/2009","AGM/DIV-RS.2.50 PER SHARE","EQ",2.5
"EDUCOMP","17/08/2006","AGM/DIVIDEND-15%","EQ","15.00%"
"EDUCOMP","31/08/2007","AGM/FINAL DIVIDEND-20%   BC START DATE REVISED","EQ","20.00%"
"EDUCOMP","26/06/2008","AGM/DIVIDEND - 25%","EQ","25.00%"
"EKC","16/07/2009","AGM/DIV-RS.1.20 PER SHARE","EQ",1.2
"EKC","15/07/2010","ANNUAL GENERAL MEETING AND FINAL DIVIDEND RS.1.20 PER SHARE","EQ",1.2
"EKC","20/07/2006","AGM/DIVIDEND-35%","EQ","35.00%"
"EKC","28/06/2007","AGM/DIVIDEND-50%","EQ","50.00%"
"EKC","24/07/2008","AGM/DIVIDEND - 60%","EQ","60.00%"
"ESCORTS","10/02/2011","ANNUAL GENERAL MEETING AND DIVIDEND RS.1.50 PER SHARE","EQ",1.5
"EXIDEIND","02/07/2010","FINAL DIVIDEND-RE.0.40 PER SHARE","EQ",0.4
"EXIDEIND","27/10/2009","INT DIV-RE.0.60 PER SHARE","EQ",0.6
"EXIDEIND","21/10/2010","INTERIM DIVIDEND-RE.0.90 PER SHARE","EQ",0.9
"EXIDEIND","08/07/2009","AGM/DIVIDEND - 20%","EQ","20.00%"
"EXIDEIND","21/07/2005","AGM/DIVIDEND-25%","EQ","25.00%"
"EXIDEIND","12/07/2006","AGM/DIVIDEND-30%","EQ","30.00%"
"EXIDEIND","11/07/2007","AGM/DIVIDEND-35%","EQ","35.00%"
"EXIDEIND","16/07/2008","AGM/DIVIDEND - 40%","EQ","40.00%"
"EXIDEIND","23/01/2009","INTERIM DIVIDEND - 40%","EQ","40.00%"
"FEDERALBNK","02/09/2010","ANNUAL GENERAL MEETING AND DIVIDEND RS.5/- PER SHARE","EQ",5
"FEDERALBNK","08/09/2005","AGM/DIVIDEND-25%","EQ","25.00%"
"FEDERALBNK","07/09/2006","AGM/DIVIDEND-35%","EQ","35.00%"
"FEDERALBNK","10/07/2008","AGM/DIVIDEND - 40%","EQ","40.00%"
"FEDERALBNK","16/08/2007","AGM/DIVIDEND-40%","EQ","40.00%"
"FINANTECH","17/09/2009","AGM/DIV-RS.2/- PER SHARE","EQ",2
"FINANTECH","22/09/2010","ANNUAL GENERAL MEETING AND FINAL DIVIDEND RS.2/- PER SHARE","EQ",2
"FINANTECH","18/11/2010","INTERIM DIVIDEND - RS 2 PER SHARE","EQ",2
"FINANTECH","21/09/2007","AGM/FINAL DIVIDEND-100%","EQ","100.00%"
"FINANTECH","14/11/2008","2ND INTERIM DIVIDEND-100%","EQ","100.00%"
"FINANTECH","11/02/2009","3RD INTERIM DIVIDEND-100%","EQ","100.00%"
"FINANTECH","26/04/2007","4TH INTERIM DIVIDEND-180%PURPOSE REVISED","EQ","180.00%"
"FINANTECH","16/09/2005","AGM/DIVIDEND-20%","EQ","20.00%"
"FINANTECH","22/09/2006","AGM/DIVIDEND-260%","EQ","260.00%"
"FINANTECH","15/11/2007","2ND INTERIM DIVIDEND-350%","EQ","350.00%"
"FINANTECH","16/11/2006","INTERIM DIVIDEND-40%","EQ","40.00%"
"FINANTECH","17/08/2006","INTERIM DIVIDEND-40%","EQ","40.00%"
"FINANTECH","14/02/2007","3RD INTERIM DIVIDEND-40%","EQ","40.00%"
"FINANTECH","21/08/2008","AGM/DIV-INT-200%+FIN-200%","EQ","400.00%"
"FINANTECH","01/02/2008","3RD INTERIM DIVIDEND-400%","EQ","400.00%"
"FINANTECH","16/08/2007","1ST INTERIM DIVIDEND-50%","EQ","50.00%"
"GAIL","27/12/2010","INTERIM DIVIDEND-RS.2/- PER SHARE (PURPOSE REVISED)","EQ",2
"GAIL","02/09/2010","ANNUAL GENERAL MEETING AND FINAL DIVIDEND RS.5.50 PER SHARE (BC START DATE REVISED)","EQ",5.5
"GAIL","16/08/2007","AGM/FINAL DIVIDEND-20%","EQ","20.00%"
"GAIL","28/07/2006","AGM/FINAL DIVIDEND-20%","EQ","20.00%"
"GAIL","09/03/2007","SPL INTERIM DIVIDEND-25% PURPOSE REVISED","EQ","25.00%"
"GAIL","14/09/2005","AGM/DIVIDEND-40%","EQ","40.00%"
"GAIL","30/01/2009","INTERIM DIVIDEND - 40%   PURPOSE REVISED","EQ","40.00%"
"GAIL","19/12/2007","INTERIM DIVIDEND - 40%   PURPOSE REVISED","EQ","40.00%"
"GAIL","27/12/2006","INTERIM DIVIDEND-55%     PURPOSE REVISED","EQ","55.00%"
"GAIL","21/08/2008","AGM/DIVIDEND - 60%","EQ","60.00%"
"GESHIP","10/02/2009","INT DIV-RS.2.50 PER SHAREPURPOSE REVISED","EQ",2.5
"GESHIP","31/10/2008","INT DIV-RS.2.50 PER SHAREPURPOSE REVISED","EQ",2.5
"GESHIP","05/02/2008","INTERIM DIV-RS.3.50 PR SHPURPOSE REVISED","EQ",3.5
"GESHIP","02/11/2010","INTERIM DIVIDEND-RS.3.50 PER SHARE (PURPOSE REVISED)","EQ",3.5
"GESHIP","25/10/2007","INT DIV-RS.4.00 PER SH   PURPOSE REVISED","EQ",4
"GESHIP","08/05/2008","DIV-INT.RS.5+SPL RS2.50SHPURPOSE REVISED","EQ",7.5
"GESHIP","20/07/2010","FINAL DIVIDEND RS 8 PER SHARE","EQ",8
"GESHIP","10/07/2007","FINAL DIVIDEND - 45%","EQ","45.00%"
"GLAXO","24/03/2006","FIN DIV-RS14+SPL DIV-RS14","EQ",28
"GLAXO","02/04/2008","DIV FIN-RS18+SPL-18 PR SH","EQ",36
"GLAXO","14/03/2011","DIVIDEND-RS.40/- PER SHARE","EQ",40
"GLAXO","18/03/2009","DIV FIN-RS.22 + SPL-RS.18","EQ",40
"GLAXO","14/03/2007","DIV FIN-170% + SPL-140%  PURPOSE REVISED","EQ","310.00%"
"GMDCLTD","17/09/2009","AGM/DIV-RS.2/- PER SHARE","EQ",2
"GMDCLTD","17/09/2010","DIVIDEND-RS.2.50 PER SHARE","EQ",2.5
"GMDCLTD","01/09/2008","DIVIDEND - 100%","EQ","100.00%"
"GMDCLTD","14/09/2007","DIVIDEND-100%","EQ","100.00%"
"GMDCLTD","14/09/2005","DIVIDEND-50%","EQ","50.00%"
"GMDCLTD","13/12/2006","AGM/DIVIDEND-60%","EQ","60.00%"
"GODREJIND","18/07/2007","AGM/DIV-RE.1/- PER SH","EQ",0.1
"GODREJIND","20/07/2009","AGM/DIV.RS.1.25/-PERSHARE","EQ",1.25
"GODREJIND","16/07/2010","FINAL DIVIDEND-RS.1.50 PER SHARE","EQ",1.5
"GODREJIND","13/07/2006","AGM/DIV-RS.5/- PER SH","EQ",5
"GODREJIND","18/07/2008","AGM/DIVIDEND-125%","EQ","125.00%"
"GRASIM","29/06/2005","DIVIDEND-RS.16 PER SHARE","EQ",16
"GRASIM","15/03/2007","INTERIM DIVIDEND-275%    PURPOSE REVISED","EQ","275.00%"
"GSPL","13/09/2010","ANNUAL GENERAL MEETING AND DIVIDEND RE.1/- PER SHARE","EQ",0.1
"GSPL","26/11/2009","DIVIDEND-RE.0.75 PR SHARE","EQ",0.75
"GSPL","15/09/2006","AGM/DIVIDEND-2.5%","EQ","2.50%"
"GSPL","15/09/2008","AGM/DIVIDEND - 5%","EQ","5.00%"
"GSPL","10/09/2007","AGM/DIVIDEND-5%","EQ","5.00%"
"GTL","11/06/2007","AGM/DIV -RS.2.50/- PER SH","EQ",2.5
"GTL","26/09/2006","AGM/DIV-FN 20% + SPL-180%","EQ","100.00%"
"GTL","30/05/2008","DIVIDEND - 30%","EQ","30.00%"
"GTOFFSHORE","10/09/2009","AGM/DIV-RS.2.50 PER SHARE","EQ",2.5
"GTOFFSHORE","29/07/2010","ANNUAL GENERAL MEETING AND DIVIDEND RS.2.50 PER SHARE","EQ",2.5
"GTOFFSHORE","25/06/2008","AGM/DIV- RS.8/- PER SHARE","EQ",8
"GTOFFSHORE","07/09/2007","INTERIM DIVIDEND-80%     PURPOSE REVISED","EQ","80.00%"
"GVKPIL","06/11/2006","INTERIM DIVIDEND-25%","EQ","25.00%"
"HAVELLS","09/02/2010","INT DIV-RS.1.25 PER SHARE","EQ",1.25
"HAVELLS","12/08/2009","AGM/DIV-RS.2.5 PER SHARE","EQ",2.5
"HAVELLS","06/09/2010","DIVIDEND-RS.2.50 PER SHARE","EQ",2.5
"HAVELLS","20/06/2007","AGM/DIVIDEND-50%","EQ","50.00%"
"HAVELLS","26/06/2008","AGM/DIVIDEND-50%","EQ","50.00%"
"HAVELLS","24/06/2005","DIVIDEND-50%","EQ","50.00%"
"HAVELLS","05/06/2006","DIVIDEND-50%","EQ","50.00%"
"HCC","30/05/2011","ANNUAL GENERAL MEETING AND DIVIDEND RE.0.40 PER SHARE","EQ",0.4
"HCC","24/05/2006","AGM/DIV-RE.0.70 PER SH","EQ",0.7
"HCC","25/05/2007","AGM/DIV-RE.0.75 PER SH","EQ",0.75
"HCC","27/05/2009","AGM/DIV-RE0.80 PER SHARE","EQ",0.8
"HCC","28/05/2010","AGM/DIVIDEND RE.0.80 PER SHARE","EQ",0.8
"HCC","28/05/2008","AGM/DIV-RE.0.80 PER SHARE","EQ",0.8
"HCC","24/05/2005","AGM/DIVIDEND-RS.6/ PER SHBC END DATE REVISED","EQ",6
"HCLTECH","02/12/2009","AGM/DIV-RE.1/- PER SHARE","EQ",0.1
"HCLTECH","30/11/2007","AGM/DIV-RS.2/- PER SH","EQ",2
"HCLTECH","24/01/2011","2ND INTERIM DIVIDEND-RS.2/- PER SHARE (PURPOSE REVISED)","EQ",2
"HCLTECH","23/01/2008","2ND INT DIV - RS 2 PER SH","EQ",2
"HCLTECH","25/04/2011","3RD INTERIM DIVIDEND-RS.2/- PER SHARE (PURPOSE REVISED)","EQ",2
"HCLTECH","23/04/2007","3RD INT DIV-RS.2/- PER SHRD REVISED/PURPOSE REVISED","EQ",2
"HCLTECH","22/10/2010","ANNUAL GENERAL MEETING/FINAL DIVIDEND RE.1/- PER SHARE/INTERIM DIVIDEND RS.1.50 PER SHARE (PURPOSE REVISED)","EQ",2.5
"HCLTECH","04/12/2006","AGM/DIV-RS.4/- PER SH","EQ",4
"HCLTECH","28/01/2009","2ND INTERIM DIVIDEND-100%PURPOSE REVISED","EQ","100.00%"
"HCLTECH","21/04/2008","3RD INTERIM DIVIDEND-100%PURPOSE REVISED","EQ","100.00%"
"HCLTECH","06/12/2005","AGM/FIN DIV - 200%","EQ","200.00%"
"HCLTECH","22/10/2008","DIV FINAL 150%+INT 150%  BC START DATE REVISED","EQ","300.00%"
"HDFC","29/06/2005","AGM/ DIV.-RS.17/- PER SH.","EQ",17
"HDFC","30/06/2006","AGM/DIV-RS.20/- PER SH","EQ",20
"HDFC","12/06/2007","AGM/DIV - RS. 22 PER SH","EQ",22
"HDFC","27/06/2008","AGM/DIV-RS.25 PER SHARE","EQ",25
"HDFC","06/07/2009","AGM/DIV-RS.30/- PER SHARE","EQ",30
"HDFC","29/06/2010","DIVIDEND RS 36 PER SHARE","EQ",36
"HDFCBANK","11/05/2006","AGM/DIV-RS.5.50 PER SHARE","EQ",5.5
"HDFCBANK","17/05/2007","AGM/DIV-RS.7/- PER SH","EQ",7
"HDFCBANK","29/04/2008","DIV-RS.8.50 PER SHARE    PURPOSE REVISED","EQ",8.5
"HDFCBANK","22/06/2009","AGM/DIV-RS.10/- PER SHARE","EQ",10
"HDFCBANK","10/06/2010","AGM/DIV-RS.12/- PER SHARE","EQ",12
"HDFCBANK","02/06/2011","ANNUAL GENERAL MEETING AND DIVIDEND RS.16.50 PER SHARE","EQ",16.5
"HDFCBANK","26/05/2005","AGM/ DIVIDEND-45%        PURPOSE REVISED","EQ","45.00%"
"HDIL","10/07/2008","AGM/DIV -RS 3/- PER SHARE","EQ",3
"HDIL","16/08/2007","INTERIM DIVIDEND-20%","EQ","20.00%"
"HEROHONDA","14/08/2006","AGM/DIV-RS.20/- PER SH","EQ",20
"HEROHONDA","28/08/2009","AGM/DIV-RS.20/- PER SHARE","EQ",20
"HEROHONDA","30/08/2010","ANNUAL GENERAL MEETING AND FINAL DIVIDEND RS.30/- PER SHARE","EQ",30
"HEROHONDA","20/04/2011","INTERIM DIVIDEND-RS.70/- PER SHARE (PURPOSE REVISED)","EQ",70
"HEROHONDA","13/04/2010","SPL DIV-RS.80/- PER SHARE","EQ",80
"HEROHONDA","20/07/2005","AGM/DIVIDEND-1000%","EQ","1000.00%"
"HEROHONDA","10/07/2007","AGM/DIVIDEND-850%","EQ","850.00%"
"HEROHONDA","09/09/2008","AGM/DIVIDEND - 950%","EQ","950.00%"
"HEXAWARE","20/01/2011","SPECIAL INTERIM DIVIDEND-RE.1/- PER SHARE","EQ",0.1
"HEXAWARE","26/05/2011","INTERIM DIVIDEND - RS.0.50 PER SHARE","EQ",0.5
"HEXAWARE","12/08/2010","INTERIM DIVIDEND-RE.0.60 PER SHARE","EQ",0.6
"HEXAWARE","13/08/2009","INT DIV-RE.0.60 PER SHARE","EQ",0.6
"HEXAWARE","20/04/2010","DIVIDEND-RE.0.80 PR SHARE","EQ",0.8
"HEXAWARE","24/02/2011","DIVIDEND RS 1.40 PER SHARE / BONUS 1:1","EQ",1.4
"HEXAWARE","27/04/2009","AGM/DIVIDEND - 25%","EQ","25.00%"
"HEXAWARE","13/08/2008","INTERIM DIVIDEND - 25%   PURPOSE REVISED","EQ","25.00%"
"HEXAWARE","22/06/2006","AGM/DIVIDEND-30%","EQ","30.00%"
"HEXAWARE","18/04/2007","AGM/FINAL DIVIDEND-40%","EQ","40.00%"
"HEXAWARE","02/08/2006","INTERIM DIVIDEND-40%","EQ","40.00%"
"HEXAWARE","02/08/2007","INTERIM DIVIDEND-40%","EQ","40.00%"
"HINDALCO","24/08/2010","DIVIDEND-RS.1.35 PER SHARE","EQ",1.35
"HINDALCO","10/09/2009","DIVIDEND-RS.1.35 PR SHARE","EQ",1.35
"HINDALCO","29/06/2005","DIVIDEND-RS.20 PER SHARE","EQ",20
"HINDALCO","16/03/2007","INTERIM DIVIDEND-170%    PURPOSE REVISED","EQ","170.00%"
"HINDALCO","28/08/2008","RHS 3:7@PREM RS95/DIV185%","EQ","185.00%"
"HINDOILEXP","11/08/2008","AGM/DIV-RE.1 PER SHARE   BC DATES REVISED","EQ",0.1
"HINDOILEXP","23/08/2010","INTERIM DIVIDEND-RE.0.50 PER SHARE","EQ",0.5
"HINDOILEXP","02/09/2005","AGM/DIVIDEND-10%","EQ","10.00%"
"HINDOILEXP","18/08/2006","DIV10%/RGHT1:3@PREM RS.66","EQ","10.00%"
"HINDPETRO","13/08/2009","AGM/DIV-RS.5.25 PER SHARE","EQ",5.25
"HINDPETRO","03/09/2010","ANNUAL GENERAL MEETING AND FINAL DIVIDEND RS.12/- PER SHARE","EQ",12
"HINDPETRO","02/09/2005","AGM/DIVIDEND-100%","EQ","100.00%"
"HINDPETRO","17/08/2007","AGM/FINAL DIVIDEND-120%","EQ","120.00%"
"HINDPETRO","02/09/2008","AGM/DIVIDEND - 30%","EQ","30.00%"
"HINDPETRO","18/08/2006","AGM/DIVIDEND-30%","EQ","30.00%"
"HINDPETRO","27/12/2006","INTERIM DIVIDEND-60%     PURPOSE REVISED","EQ","60.00%"
"HINDUNILVR","28/04/2006","DIVIDEND-RS.2.50 PER SH","EQ",2.5
"HINDUNILVR","17/03/2008","AGM/DIVIDEND- RS.3 PER SH","EQ",3
"HINDUNILVR","20/04/2007","AGM/FIN DIV-RS.3/- PER SH","EQ",3
"HINDUNILVR","01/11/2010","INTERIM DIVIDEND-RS.3/- PER SHARE (PURPOSE REVISED)","EQ",3
"HINDUNILVR","07/11/2007","PLTNM JUB DIV-RS.3 PER SHPURPOSE REVISED","EQ",3
"HINDUNILVR","08/07/2010","ANNUAL GENERAL MEETING AND FINAL DIVIDEND RS.3.50 PER SHARE","EQ",3.5
"HINDUNILVR","04/08/2008","INT DIV-RS.3.50 PER SHAREPURPOSE REVISED","EQ",3.5
"HINDUNILVR","12/06/2009","AGM/DIV-RS.4/- PER SHARE","EQ",4
"HINDZINC","22/07/2010","ANNUAL GENERAL MEETING AND DIVIDEND RS.6/- PER SHARE","EQ",6
"HINDZINC","02/07/2001","AGM/DIVIDEND-12.5%       PURPOSE REVISED","EQ","12.50%"
"HINDZINC","12/08/2008","AGM/DIVIDEND - 25%","EQ","25.00%"
"HINDZINC","12/09/2007","AGM/DIVIDEND-25%","EQ","25.00%"
"HINDZINC","08/02/2007","INTERIM DIVIDEND-25%","EQ","25.00%"
"HINDZINC","08/11/2007","INTERIM DIVIDEND-25%","EQ","25.00%"
"HINDZINC","29/07/2009","AGM/DIVIDEND-40%","EQ","40.00%"
"HINDZINC","19/08/2002","AGM/DIVIDEND-5%          PURPOSE REVISED","EQ","5.00%"
"HOTELEELA","21/06/2011","ANNUAL GENERAL MEETING AND DIVIDEND RE.0.15 PER SHARE","EQ",0.15
"HOTELEELA","04/08/2010","ANNUAL GENERAL MEETING AND DIVIDEND RE.0.20 PER SHARE","EQ",0.2
"HOTELEELA","14/08/2009","AGM/DIV-RE.0.40 PER SHARE","EQ",0.4
"HOTELEELA","12/05/2006","INTERIM DIVIDEND-15%     PURPOSE REVISED","EQ","15.00%"
"HOTELEELA","20/03/2007","INTERIM DIVIDEND-15%     PURPOSE REVISED","EQ","15.00%"
"HOTELEELA","07/08/2008","AGM/DIVIDEND - 25%","EQ","25.00%"
"HOTELEELA","14/07/2006","DIVIDEND-5%","EQ","5.00%"
"HOTELEELA","03/08/2007","AGM/FINAL DIVIDEND-7.5%","EQ","7.50%"
"IBREALEST","27/08/2008","AGM/DIVIDEND - 675%","EQ","675.00%"
"ICICIBANK","06/07/2006","AGM/DIV-RS.8.50/- PER SH","EQ",8.5
"ICICIBANK","11/06/2009","AGM/DIV-RS.11/- PER SHARE","EQ",11
"ICICIBANK","10/06/2010","ANNUAL GENERAL MEETING AND DIVIDEND RS.12/- PER SHARE","EQ",12
"ICICIBANK","02/06/2011","ANNUAL GENERAL MEETING AND DIVIDEND RS.14/- PER SHARE","EQ",14
"ICICIBANK","14/06/2007","AGM/DIVIDEND -100%","EQ","100.00%"
"ICICIBANK","10/07/2008","AGM/DIVIDEND - 110%","EQ","110.00%"
"ICICIBANK","04/08/2005","AGM/DIVIDEND-85%","EQ","85.00%"
"IDBI","14/06/2007","DIVIDEND-RS.1.50 PER SH","EQ",1.5
"IDBI","16/07/2008","AGM/DIV-RS.2 PER SHARE","EQ",2
"IDBI","09/07/2009","AGM/DIVIDEND - 25%","EQ","25.00%"
"IDBI","11/08/2005","AGM/DIVIDEND-7.5%","EQ","7.50%"
"IDFC","13/06/2007","AGM/DIV-RE.1/- PER SH","EQ",0.1
"IDFC","07/07/2009","AGM/DIV-RE.1.20 PER SHARE","EQ",1.2
"IDFC","10/07/2008","AGM/DIV-RE.1.20 PER SHARE","EQ",1.2
"IDFC","17/06/2010","DIVIDEND-RS.1.50 PER SHARE","EQ",1.5
"IDFC","19/07/2006","AGM/DIVIDEND-10%","EQ","10.00%"
"IFCI","06/09/2010","ANNUAL GENERAL MEETING AND DIVIDEND RE.1/- PER SHARE","EQ",0.1
"IFCI","03/09/2009","AGM/DIV-RE.0.80 PER SHARE","EQ",0.8
"IGL","20/07/2009","AGM/DIV-RS.4/- PER SHARE","EQ",4
"IGL","17/08/2010","ANNUAL GENERAL MEETING AND DIVIDEND RS.4.50 PER SHARE","EQ",4.5
"IGL","02/09/2005","AGM/DIVIDEND-20%","EQ","20.00%"
"IGL","04/09/2006","AGM/DIVIDEND-25%","EQ","25.00%"
"IGL","04/09/2007","AGM/DIVIDEND-30%","EQ","30.00%"
"IGL","14/07/2008","AGM/DIVIDEND - 40%","EQ","40.00%"
"INDHOTEL","17/07/2009","DIVIDEND-RE.1.20 PR SHARE","EQ",1.2
"INDHOTEL","05/07/2005","DIVIDEND-100%","EQ","100.00%"
"INDHOTEL","14/07/2006","DIVIDEND-130%","EQ","130.00%"
"INDHOTEL","18/07/2007","DIVIDEND-160%","EQ","160.00%"
"INDHOTEL","22/04/2008","INTERIM DIVIDEND - 190%  PURPOSE REVISED","EQ","190.00%"
"INDIACEM","31/07/2009","AGM/DIV-RS.2/- PER SHARE","EQ",2
"INDIACEM","14/09/2007","AGM/DIVIDEND-10%","EQ","10.00%"
"INDIACEM","14/08/2008","AGM/DIVIDEND - 20%","EQ","20.00%"
"INDIAINFO","19/07/2006","AGM/DIV-RE.1/- PER SH","EQ",0.1
"INDIAINFO","17/08/2009","INT DIV-RS.1.20 PER SHAREPURPOSE REVISED","EQ",1.2
"INDIAINFO","25/01/2010","2ND INT DIV-RS.1.80 PR SHPURPOSE REVISED","EQ",1.8
"INDIAINFO","29/01/2009","INT DIV-RS.2.80 PER SHAREPURPOSE REVISED","EQ",2.8
"INDIAINFO","07/03/2011","INTERIM DIVIDEND RS 3 PER SHARE (PURPOSE REVISED)","EQ",3
"INDIAINFO","26/06/2008","AGM/DIV-RS.6 PER SHARE","EQ",6
"INDIAINFO","22/03/2007","INTERIM DIVIDEND-30%     PURPOSE REVISED","EQ","30.00%"
"INDIANB","04/03/2010","INT DIV-RS.2.50 PER SHARE","EQ",2.5
"INDIANB","18/06/2009","AGM/DIV-RS.3/- PER SHARE","EQ",3
"INDIANB","30/05/2011","ANNUAL GENERAL MEETING AND DIVIDEND RS.7.50 PER SHARE","EQ",7.5
"INDIANB","22/05/2008","ELEC. OF DIR/AGM/DIV-40% PURPOSE REVISED","EQ","40%"
"INDIANB","09/03/2009","INTERIM DIVIDEND - 20%","EQ","20.00%"
"INDIANB","15/06/2007","AGM/DIV FIN-20% + SPL-10%","EQ","30.00%"
"INDUSINDBK","22/06/2009","AGM/DIV-RS.1.20 PER SHARE","EQ",1.2
"INDUSINDBK","17/06/2010","ANNUAL GENERAL MEETING AND DIVIDEND RS.1.80 PER SHARE","EQ",1.8
"INDUSINDBK","30/06/2011","ANNUAL GENERAL MEETING AND DIVIDEND RS.2/- PER SHARE","EQ",2
"INDUSINDBK","18/08/2005","AGM/DIVIDEND-18%","EQ","18.00%"
"INDUSINDBK","04/09/2008","AGM/DIVIDEND - 6%        BC DATES REVISED","EQ","6.00%"
"INDUSINDBK","31/08/2007","AGM/DIVIDEND-6%          PURPOSE REVISED","EQ","6.00%"
"IOB","26/05/2010","DIVIDEND-RS.3.50 PR SHARE","EQ",3.5
"IOB","21/05/2009","AGM/DIV-RS.4.50 PER SHARE","EQ",4.5
"IOB","12/05/2005","DIVIDEND-10%","EQ","10.00%"
"IOB","11/05/2006","DIVIDEND-26%","EQ","26.00%"
"IOB","07/05/2007","AGM/DIVIDEND-30%","EQ","30.00%"
"IOB","05/05/2008","AGM/DIVIDEND - 35%       PURPOSE REVISED","EQ","35.00%"
"IOC","02/09/2009","DIVIDEND-RS.7.50 PR SHARE","EQ",7.5
"IOC","08/09/2010","ANNUAL GENERAL MEETING AND DIVIDEND RS.13/- PER SHARE","EQ",13
"IOC","08/09/2005","AGM/DIVIDEND-100%","EQ","100.00%"
"IOC","07/09/2006","AGM/FINAL DIVIDEND-125%","EQ","125.00%"
"IOC","10/09/2007","AGM/FINAL DIVIDEND-130%","EQ","130.00%"
"IOC","09/09/2008","AGM/DIVIDEND - 55%","EQ","55.00%"
"IOC","26/12/2006","INTERIM DIVIDEND - 60%","EQ","60.00%"
"IRB","27/08/2009","DIVIDEND-RE.0.50 PR SHARE","EQ",0.5
"IRB","21/09/2010","ANNUAL GENERAL MEETING AND DIVIDEND RS.1.50 PER SHARE","EQ",1.5
"IRB","12/02/2009","INTERIM DIVIDEND - 10%   PURPOSE REVISED","EQ","10.00%"
"ITC","18/07/2005","AGM/DIV.RS.31/- PER SHARE","EQ",0.31
"ITC","10/07/2006","AGM/DIV-RS.2.65/- PER SH","EQ",2.65
"ITC","16/07/2007","AGM/DIV-RS.3.10 PER SH","EQ",3.1
"ITC","16/07/2008","AGM/DIV-RE. 3.50/- PR SHR","EQ",3.5
"ITC","13/07/2009","AGM/DIV-RS.3.70 PER SHARE","EQ",3.7
"ITC","10/06/2011","DIVIDEND FINAL RS 2.80 AND SPECIAL RS 1.65 PER SHARE","EQ",4.45
"ITC","09/06/2010","FINAL DIVIDEND RS.4.50 PER SHARE AND SPECIAL CENTENARY DIVIDEND RS.5.50 PER SHARE","EQ",10
"IVRCLINFRA","31/08/2007","AGM/DIV-RE.1/- PER SH","EQ",0.1
"IVRCLINFRA","08/09/2010","ANNUAL GENERAL MEETING AND DIVIDEND RE.0.80 PER SHARE","EQ",0.8
"IVRCLINFRA","01/09/2009","AGM/DIV-RS.1.40 PER SHARE","EQ",1.4
"IVRCLINFRA","22/09/2005","AGM/DIVIDEND-30%         BOOK CLOSURE DATES REVISED","EQ","30.00%"
"IVRCLINFRA","22/09/2006","AGM/DIVIDEND-50%","EQ","50.00%"
"IVRCLINFRA","09/09/2008","AGM/DIVIDEND - 70%","EQ","70.00%"
"JETAIRWAYS","14/09/2005","AGM/DIV-RS.3/- PER SHARE","EQ",3
"JETAIRWAYS","07/09/2006","AGM/DIV-RS.6/- PER SH","EQ",6
"JETAIRWAYS","13/09/2007","AGM/DIV-RS.6/- PER SH","EQ",6
"JINDALSAW","09/09/2010","ANNUAL GENERAL MEETING AND DIVIDEND RS.1.25 PER SHARE","EQ",1.25
"JINDALSAW","23/12/2005","AGM/FIN DIV-RS.4/- PER SH","EQ",4
"JINDALSAW","15/06/2009","AGM/DIV - RS.5 PER SHARE","EQ",5
"JINDALSAW","22/12/2006","AGM/DIV-RS.5/- PER EQ SH","EQ",5
"JINDALSAW","19/03/2008","AGM/DIV-RS6.25 PER SHARE","EQ",6.25
"JINDALSTEL","13/09/2010","DIVIDEND-RS.1.25 PER SHARE","EQ",1.25
"JINDALSTEL","14/09/2009","DIV-RS.5.50 PR SH/BON 5:1PURPOSE REVISED","EQ",5.5
"JINDALSTEL","05/02/2007","INTERIM DIVIDEND-120%    PURPOSE REVISED","EQ","120.00%"
"JINDALSTEL","07/07/2005","DIVIDEND-200%","EQ","200.00%"
"JINDALSTEL","14/09/2006","FINAL DIVIDEND-200%","EQ","200.00%"
"JINDALSTEL","06/09/2007","AGM/DIVIDEND-240%","EQ","240.00%"
"JINDALSTEL","12/09/2008","AGM/DIVIDEND - 250%","EQ","250.00%"
"JISLJALEQS","14/09/2006","AGM/DIV-RS.1.80/- PER SH","EQ",1.8
"JISLJALEQS","13/09/2007","AGM/DIV-RS.2/- PER SH","EQ",2
"JISLJALEQS","10/09/2009","AGM/DIV-RS.2.50 PER SHARE","EQ",2.5
"JISLJALEQS","16/09/2010","ANNUAL GENERAL MEETING AND DIVIDEND RS.4.50 PER SHARE","EQ",4.5
"JISLJALEQS","11/09/2008","AGM/DIVIDEND - 22%","EQ","22.00%"
"JPASSOCIAT","28/01/2008","2ND INT DIV-RE0.30 PER SHRD DATE REVISED","EQ",0.3
"JPASSOCIAT","08/02/2011","INTERIM DIVIDEND-RE.0.40 PER SHARE (PURPOSE REVISED)","EQ",0.4
"JPASSOCIAT","22/09/2009","AGM/DIV-RE.0.40 PER SHARE","EQ",0.4
"JPASSOCIAT","15/09/2010","ANNUAL GENERAL MEETING AND DIVIDEND RE.0.54 PER SHARE","EQ",0.54
"JPASSOCIAT","29/10/2009","INT DIV-RE.0.54 PER SHAREPURPOSE REVISED","EQ",0.54
"JPASSOCIAT","14/09/2005","AGM/DIV-RE.0.60/- PER SH","EQ",0.6
"JPASSOCIAT","16/10/2006","AGM/FIN DIV-RE0.90 PER SH","EQ",0.9
"JPASSOCIAT","23/08/2007","FIN DIV-RS.1.60 PER SH","EQ",1.6
"JPASSOCIAT","23/07/2007","1ST INTERIM DIVIDEND-15% PURPOSE REVISED","EQ","15.00%"
"JPASSOCIAT","29/10/2008","1ST INTERIM DIVIDEND-15% PURPOSE REVISED","EQ","15.00%"
"JPASSOCIAT","07/05/2009","2ND INTERIM DIVIDEND-15% PURPOSE REVISED","EQ","15.00%"
"JPASSOCIAT","18/08/2008","AGM/DIVIDEND - 20%","EQ","20.00%"
"JPPOWER","10/08/2009","AGM/DIV-RE.0.75 PER SHARE","EQ",0.75
"JPPOWER","11/09/2007","INT DIV-RE.0.75 PER SHARE","EQ",0.75
"JPPOWER","31/07/2008","AGM/DIVIDEND- 7.5%","EQ","7.50%"
"JPPOWER","31/08/2005","AGM/DIVIDEND-7.5%","EQ","7.50%"
"JPPOWER","29/10/2008","INTERIM DIVIDEND - 7.5%  PURPOSE REVISED","EQ","7.50%"
"JSWSTEEL","29/06/2009","AGM/DIV-RE.1/- PER SHARE","EQ",0.1
"JSWSTEEL","14/06/2010","AGM/DIVIDEND RS 9.50 PER SHARE","EQ",9.5
"JSWSTEEL","20/03/2007","INT DIV-RS.12.50 PER SH  PURPOSE REVISED","EQ",12.5
"JSWSTEEL","21/05/2008","AGM/DIVIDEND - 140%","EQ","140.00%"
"JSWSTEEL","29/04/2005","AGM/ DIVIDEND-50%","EQ","50.00%"
"JSWSTEEL","15/06/2006","AGM/DIVIDEND-80%","EQ","80.00%"
"KOTAKBANK","14/07/2009","AGM/DIV-RE.0.75 PER SHARE","EQ",0.75
"KOTAKBANK","30/06/2010","ANNUAL GENERAL MEETING AND DIVIDEND RE.0.85 PER SHARE","EQ",0.85
"KOTAKBANK","15/07/2005","AGM/DIVIDEND-12.5%","EQ","12.50%"
"KOTAKBANK","07/07/2006","AGM/DIVIDEND-6%","EQ","6.00%"
"KOTAKBANK","22/06/2007","AGM/DIVIDEND-7%","EQ","7.00%"
"KOTAKBANK","14/07/2008","AGM/DIVIDEND - 7.50%","EQ","7.50%"
"KSOILS","23/09/2010","ANNUAL GENERAL MEETING AND DIVIDEND RE.0.18 PER SHARE","EQ",0.18
"KSOILS","24/09/2009","AGM/DIV-RE.0.18 PER SHARE","EQ",0.18
"KSOILS","15/06/2007","AGM/DIVIDEND-15%","EQ","15.00%"
"KSOILS","12/09/2008","AGM/DIVIDEND - 18%","EQ","18.00%"
"KTKBANK","15/07/2010","ANNUAL GENERAL MEETING AND DIVIDEND RS.4/- PER SHARE","EQ",4
"KTKBANK","23/07/2009","AGM/DIV-RS.6/- PER SHARE","EQ",6
"KTKBANK","07/07/2005","AGM/DIVIDEND-20%","EQ","20.00%"
"KTKBANK","29/06/2006","AGM/DIVIDEND-30%","EQ","30.00%"
"KTKBANK","22/06/2007","AGM/DIVIDEND-35%","EQ","35.00%"
"KTKBANK","03/07/2008","AGM/DIVIDEND-50%","EQ","50.00%"
"LICHSGFIN","29/06/2009","AGM/DIV-RS.13/- PER SHARE","EQ",13
"LICHSGFIN","13/06/2008","AGM/DIVIDEND - 100%","EQ","100.00%"
"LICHSGFIN","28/06/2007","AGM/DIVIDEND-30%","EQ","30.00%"
"LICHSGFIN","26/07/2005","AGM/DIVIDEND-50%","EQ","50.00%"
"LICHSGFIN","26/03/2007","INTERIM DIVIDEND-50%","EQ","50.00%"
"LICHSGFIN","19/07/2006","AGM/DIVIDEND-60%","EQ","60.00%"
"LT","14/08/2007","AGM/FIN DIV-RS.2/- PER SH","EQ",2
"LT","17/07/2007","SPL DIVIDEND-RS2/- PER SH","EQ",2
"LT","18/08/2009","DIVIDEND-RS10.50 PR SHARE","EQ",10.5
"LT","17/08/2010","ANNUAL GENERAL MEETING AND DIVIDEND RS.12.50 PER SHARE","EQ",12.5
"LT","20/08/2008","AGM/DIV - RS.15 PER SHARE","EQ",15
"LT","12/08/2005","DIV-RS.17.5/- PER SHARE","EQ",17.5
"LUPIN","20/07/2009","AGM/DIV-RS.12.50 PR SHARE","EQ",12.5
"LUPIN","19/07/2010","ANNUAL GENERAL MEETING AND DIVIDEND RS.13.50 PER SHARE","EQ",13.5
"LUPIN","11/07/2008","AGM/DIV-50% + SPL DIV-50%","EQ","100.00%"
"LUPIN","10/07/2007","AGM/DIVIDEND-50%","EQ","50.00%"
"LUPIN","07/07/2006","AGM/DIVIDEND-65%","EQ","65.00%"
"LUPIN","15/07/2005","AGM/DIVIDEND-65%","EQ","65.00%"
"MANDM","08/07/2010","ANNUAL GENERAL MEETING/FINAL DIVIDEND RS.8.75 PER SHARE AND SPECIAL DIVIDEND RE.0.75 PER SHARE (PURPOSE REVISED)","EQ",9.5
"MANDM","09/07/2009","AGM/DIV-RS.10/- PER SHAREPURPOSE REVISED","EQ",10
"MANDM","29/06/2006","AGM/DIV.-FIN.75%+SPL.25%","EQ","100.00%"
"MANDM","03/07/2008","AGM/DIVIDEND - 115%      PURPOSE REVISED","EQ","115.00%"
"MANDM","29/06/2005","AGM/DIV-(FIN-100%+SP-30%)","EQ","130.00%"
"MANDM","05/07/2007","AGM/DIV FIN-25% + SPL-15%PURPOSE REVISED","EQ","40.00%"
"MANDM","23/03/2007","INTERIM DIVIDEND-75%     PURPOSE REVISED","EQ","75.00%"
"MARUTI","18/08/2009","AGM/DIV-RS.3.50 PER SHARE","EQ",3.5
"MARUTI","22/08/2007","AGM/FIN DIV-RS4.50 PER SH","EQ",4.5
"MARUTI","24/08/2010","ANNUAL GENERAL MEETING AND FINAL DIVIDEND RS.6/- PER SHARE","EQ",6
"MARUTI","14/08/2008","AGM/DIVIDEND - 100%","EQ","100.00%"
"MCDOWELLN","22/09/2009","AGM/DIV-RS.2/- PER SHARE","EQ",2
"MCDOWELLN","21/09/2010","ANNUAL GENERAL MEETING AND DIVIDEND RS.2.50 PER SHARE","EQ",2.5
"MCDOWELLN","20/11/2007","AGM/FINAL DIVIDEND-10%","EQ","10.00%"
"MCDOWELLN","19/12/2008","AGM/DIVIDEND - 15%","EQ","15.00%"
"MCDOWELLN","22/03/2007","INTERIM DIVIDEND-15%     PURPOSE REVISED","EQ","15.00%"
"MCDOWELLN","08/12/2006","AGM/DIVIDEND-20%","EQ","20.00%"
"MCDOWELLN","13/09/2005","AGM/DIVIDEND-20%","EQ","20.00%"
"MCLEODRUSS","18/07/2007","AGM/DIV-RE.1/- PER SH","EQ",0.1
"MCLEODRUSS","17/07/2009","AGM/DIV-RS.2/- PER SHARE","EQ",2
"MCLEODRUSS","22/07/2010","ANNUAL GENERAL MEETING AND DIVIDEND RS.4/- PER SHARE","EQ",4
"MCLEODRUSS","18/07/2008","AGM/DIVIDEND - 20%","EQ","20.00%"
"MLL","30/08/2010","DIVIDEND-RE.0.20 PER SHARE","EQ",0.2
"MLL","14/09/2009","ANN CLSR/DIV-RE.0.50 P SH","EQ",0.5
"MLL","16/09/2005","DIVIDEND-100%","EQ","100.00%"
"MLL","12/09/2007","DIVIDEND-100%","EQ","100.00%"
"MLL","03/07/2008","ANNUAL CLOSURE/DIV-110%","EQ","110.00%"
"MLL","20/07/2006","FINAL DIVIDEND-30%","EQ","30.00%"
"MOSERBAER","27/09/2010","ANNUAL GENERAL MEETING AND DIVIDEND RE.0.60 PER SHARE","EQ",0.6
"MOSERBAER","03/09/2009","AGM/DIV-RE.0.60 PER SHARE","EQ",0.6
"MOSERBAER","29/07/2008","AGM/DIVIDEND - 10%","EQ","10.00%"
"MOSERBAER","28/07/2005","DIVIDEND-10%","EQ","10.00%"
"MOSERBAER","13/07/2006","DIVIDEND-10%","EQ","10.00%"
"MOSERBAER","11/06/2007","FINAL DIVIDEND - 15%","EQ","15.00%"
"MPHASIS","22/01/2009","AGM/DIV-RS.2 PER SHARE","EQ",2
"MPHASIS","24/08/2006","AGM/DIV-RS.3/- PER SH","EQ",3
"MPHASIS","22/09/2005","AGM/DIV-RS.3/- PER SHARE","EQ",3
"MPHASIS","07/09/2007","AGM/FIN DIV-RS.3/- PER SH","EQ",3
"MPHASIS","16/07/2008","AGM/DIV-RS.3.30 PER SHARE","EQ",3.3
"MPHASIS","10/02/2010","DIVIDEND-RS.3.50 PR SHARE","EQ",3.5
"MPHASIS","10/02/2011","FINAL DIVIDEND-RS.4/- PER SHARE","EQ",4
"MRF","28/01/2011","ANNUAL GENERAL MEETING/FINAL DIVIDEND RS.19/- PER SHARE/SPECIAL DIVIDEND RS.25/- PER SHARE","EQ",34
"MRF","06/03/2009","AGM/DIVIDEND - 140%","EQ","140.00%"
"MRF","10/03/2006","AGM/DIVIDEND-140%","EQ","140.00%"
"MRF","09/03/2007","AGM/FINAL DIVIDEND - 140%","EQ","140.00%"
"MRF","05/03/2008","AGM/FINAL DIVIDEND - 140%","EQ","140.00%"
"MRF","08/08/2008","INTERIM DIVIDEND - 30%","EQ","30.00%"
"MRF","03/08/2006","INTERIM DIVIDEND-30%     PURPOSE REVISED","EQ","30.00%"
"MRF","07/11/2007","2ND INTERIM DIVIDEND-30%","EQ","30.00%"
"MRF","06/11/2008","2ND INTERIM DIVIDEND-30%","EQ","30.00%"
"MRF","14/11/2006","2ND INTERIM DIVIDEND-30% PURPOSE REVISED","EQ","30.00%"
"MRPL","16/08/2006","AGM/DIV-RE.0.70 PER SH","EQ",0.7
"MRPL","01/08/2007","AGM/DIV-RE.0.80 PER SH","EQ",0.8
"MRPL","18/06/2008","AGM/DIV-RS 1.20 PER SH","EQ",1.2
"MRPL","06/08/2009","AGM/DIV-RS.1.20 PER SHARE","EQ",1.2
"MRPL","15/07/2010","ANNUAL GENERAL MEETING AND DIVIDEND RS.1.20 PER SHARE","EQ",1.2
"MRPL","11/08/2005","DIVIDEND-10%","EQ","10.00%"
"MTNL","22/09/2008","AGM/DIVIDEND - 10%","EQ","10.00%"
"MTNL","18/09/2006","AGM/DIVIDEND-10%","EQ","10.00%"
"MTNL","19/09/2007","AGM/DIVIDEND-10%","EQ","10.00%"
"MTNL","14/09/2005","AGM/DIVIDEND-25%","EQ","25.00%"
"MTNL","21/02/2008","INTERIM DIVIDEND - 30%","EQ","30.00%"
"MTNL","19/02/2007","INTERIM DIVIDEND-30%","EQ","30.00%"
"MUNDRAPORT","17/08/2009","AGM/DIV-RE.1/- PER SHARE","EQ",0.1
"MUNDRAPORT","05/05/2011","INTERIM DIVIDEND-RE.0.40 PER SHARE (PURPOSE REVISED)","EQ",0.4
"MUNDRAPORT","14/02/2011","INTERIM DIVIDEND-RE.0.50 PER SHARE (PURPOSE REVISED)","EQ",0.5
"MUNDRAPORT","09/08/2010","ANNUAL GENERAL MEETING AND DIVIDEND RS.1.50 PER SHARE","EQ",1.5
"MUNDRAPORT","03/02/2010","INT DIV-RS.2.50 PER SHAREPURPOSE REVISED","EQ",2.5
"MUNDRAPORT","12/09/2008","AGM/DIVIDEND - 15%","EQ","15.00%"
"NAGARFERT","14/07/2010","ANNUAL GENERAL MEETING AND DIVIDEND RE.0.50 PER SHARE","EQ",0.5
"NATIONALUM","27/08/2010","ANNUAL GENERAL MEETING AND FINAL DIVIDEND RE.1/- PER SHARE","EQ",0.1
"NATIONALUM","04/09/2009","DIVIDEND-RS.1.50 PR SHARE","EQ",1.5
"NATIONALUM","23/03/2010","INT DIV-RS.1.50 PER SHAREPURPOSE REVISED","EQ",1.5
"NATIONALUM","07/02/2011","INTERIM DIVIDEND-RS.2/- PER SHARE (PURPOSE REVISED)","EQ",2
"NATIONALUM","01/09/2008","AGM/DIVIDEND - 15%","EQ","15.00%"
"NATIONALUM","22/03/2007","2ND INTERIM DIVIDEND-15%","EQ","15.00%"
"NATIONALUM","23/09/2005","AGM/DIVIDEND-20%","EQ","20.00%"
"NATIONALUM","14/09/2007","AGM/FINAL DIVIDEND-25%","EQ","25.00%"
"NATIONALUM","22/09/2006","AGM/DIVIDEND-30%","EQ","30.00%"
"NATIONALUM","12/02/2009","INTERIM DIVIDEND - 35%","EQ","35.00%"
"NATIONALUM","06/02/2007","INTERIM DIVIDEND-35%","EQ","35.00%"
"NATIONALUM","13/02/2008","INTERIM DIVIDEND - 45%   DIVIDEND REVISED","EQ","45.00%"
"NCC","14/07/2009","AGM/DIV-RS.1.10 PER SHARE","EQ",1.1
"NCC","22/07/2010","ANNUAL GENERAL MEETING AND DIVIDEND RS.1.30 PER SHARE","EQ",1.3
"NCC","12/07/2007","AGM/DIVIDEND-20%","EQ","20.00%"
"NCC","26/03/2007","INTERIM DIVIDEND-40%     PURPOSE REVISED","EQ","40.00%"
"NCC","21/07/2005","AGM/DIVIDEND - 60%","EQ","60.00%"
"NCC","17/07/2008","AGM/DIVIDEND - 65%","EQ","65.00%"
"NCC","10/08/2006","AGM/DIVIDEND-80%","EQ","80.00%"
"NEYVELILIG","18/08/2010","ANNUAL GENERAL MEETING AND FINAL DIVIDEND RE.1/- PER SHARE","EQ",0.1
"NEYVELILIG","20/08/2009","AGM/DIV-RS.2/- PER SHARE","EQ",2
"NEYVELILIG","14/08/2008","AGM/DIVIDEND - 10%","EQ","10.00%"
"NEYVELILIG","05/02/2008","INTERIM DIVIDEND - 10%","EQ","10.00%"
"NEYVELILIG","16/08/2007","AGM/DIVIDEND-12%","EQ","12.00%"
"NEYVELILIG","14/09/2005","AGM/DIVIDEND-14%","EQ","14.00%"
"NHPC","07/09/2010","ANNUAL GENERAL MEETING AND DIVIDEND RE.0.55 PER SHARE","EQ",0.55
"NMDC","04/02/2010","INT DIV-RE.0.75 PER SHARE","EQ",0.75
"NMDC","29/07/2010","ANNUAL GENERAL MEETING / DIVIDEND RE 1 PER SHARE","EQ",1
"NMDC","10/02/2011","INTERIM DIVIDEND-RS.1.15 PER SHARE","EQ",1.15
"NMDC","20/08/2009","AGM/DIV-RS.1.18 PER SHARE","EQ",1.18
"NMDC","18/02/2009","INTERIM DIVIDEND -103%","EQ","103.00%"
"NMDC","04/08/2008","AGM/FINAL DIVIDEND - 54%","EQ","54.00%"
"NTPC","08/09/2010","ANNUAL GENERAL MEETING AND FINAL DIVIDEND RE.0.80 PER SHARE","EQ",0.8
"NTPC","03/09/2009","AGM/DIV-RE.0.80 PER SHARE","EQ",0.8
"NTPC","04/02/2011","INTERIM DIVIDEND-RS.3/- PER SHARE (PURPOSE REVISED)","EQ",3
"NTPC","08/09/2005","DIVIDEND-12%","EQ","12.00%"
"NTPC","02/02/2007","INTERIM DIVIDEND-24%     PURPOSE REVISED","EQ","24.00%"
"NTPC","04/02/2008","INTERIM DIVIDEND - 27%   PURPOSE REVISED","EQ","27.00%"
"NTPC","29/01/2009","INTERIM DIVIDEND - 28%   PURPOSE REVISED","EQ","28.00%"
"NTPC","30/08/2006","AGM/DIVIDEND-8%","EQ","8.00%"
"NTPC","28/08/2008","AGM/FINAL DIVIDEND - 8%","EQ","8.00%"
"NTPC","30/08/2007","AGM/FINAL DIVIDEND-8%","EQ","8.00%"
"OFSS","03/08/2006","AGM/DIVIDEND-RS.5 PER SH PURPOSE REVISED","EQ",5
"OFSS","04/08/2005","AGM/DIVIDEND-100%","EQ","100.00%"
"OIL","16/09/2010","ANNUAL GENERAL MEETING AND FINAL DIVIDEND RS.16/- PER SHARE","EQ",16
"ONGC","11/09/2009","AGM/DIV-RS.14/- PER SHARE","EQ",14
"ONGC","09/09/2010","ANNUAL GENERAL MEETING AND FINAL DIVIDEND RS.15/- PER SHARE","EQ",15
"ONGC","26/12/2007","INT DIVIDEND-RS.18 PER SHPURPOSE REVISED","EQ",18
"ONGC","20/12/2010","SPECIAL INTERIM DIVIDEND-RS.32/- PER SHARE (PURPOSE REVISED)","EQ",32
"ONGC","10/09/2007","AGM/FINAL DIVIDEND-130%","EQ","130.00%"
"ONGC","08/09/2008","AGM/DIVIDEND - 140%","EQ","140.00%"
"ONGC","23/12/2008","INTERIM DIVIDEND - 180%  PURPOSE REVISED","EQ","180.00%"
"ONGC","27/12/2006","INTERIM DIVIDEND-180%    PURPOSE REVISED","EQ","180.00%"
"ONGC","01/09/2005","AGM/DIVIDEND-200%","EQ","200.00%"
"ONGC","06/09/2006","AGM/FINAL DIVIDEND-200%","EQ","200.00%"
"OPTOCIRCUI","21/09/2010","ANNUAL GENERAL MEETING AND DIVIDEND RS.4/- PER SHARE","EQ",4
"OPTOCIRCUI","08/07/2005","AGM/DIVIDEND-35%","EQ","35.00%"
"OPTOCIRCUI","20/09/2006","AGM/DIVIDEND-40%","EQ","40.00%"
"OPTOCIRCUI","24/09/2008","AGM/DIVIDEND - 50%","EQ","50.00%"
"OPTOCIRCUI","18/09/2007","AGM/DIVIDEND--50%","EQ","50.00%"
"ORBITCORP","25/05/2010","ANNUAL GENERAL MEETING AND FINAL DIVIDEND RE.1.50 PER SHARE","EQ",1.5
"ORBITCORP","16/08/2007","INTERIM DIVIDEND-15%","EQ","15.00%"
"ORBITCORP","05/02/2008","2ND INTERIM DIVIDEND-15%","EQ","15.00%"
"ORBITCORP","31/07/2008","ANN BC/ AGM/ FIN DIV-25%","EQ","25.00%"
"ORCHIDCHEM","17/09/2009","AGM/DIV-RE.1/- PER SHARE","EQ",0.1
"ORCHIDCHEM","12/07/2010","ANNUAL GENERAL MEETING AND DIVIDEND RS.10/- PER SHARE","EQ",10
"ORCHIDCHEM","18/09/2008","AGM/DIVIDEND - 30%","EQ","30.00%"
"ORCHIDCHEM","12/07/2007","AGM/DIVIDEND-30%","EQ","30.00%"
"ORCHIDCHEM","30/05/2006","AGM/DIVIDEND-30%","EQ","30.00%"
"ORCHIDCHEM","13/07/2005","AGM/DIVIDEND-40%","EQ","40.00%"
"ORIENTBANK","14/06/2010","ANNUAL GENERAL MEETING AND DIVIDEND RS.9.10 PER SHARE","EQ",9.1
"ORIENTBANK","14/06/2011","ANNUAL GENERAL MEETING AND DIVIDEND RS.10.40 PER SHARE","EQ",10.4
"ORIENTBANK","07/03/2007","INTERIM DIVIDEND-20%","EQ","20.00%"
"ORIENTBANK","06/06/2007","AGM/DIVIDEND-27%","EQ","27.00%"
"ORIENTBANK","29/06/2005","AGM/DIVIDEND-30%","EQ","30.00%"
"ORIENTBANK","01/06/2006","AGM/DIVIDEND-45%","EQ","45.00%"
"ORIENTBANK","09/06/2008","AGM/DIVIDEND-47%","EQ","47.00%"
"ORIENTBANK","16/06/2009","AGM/DIVIDEND - 73%","EQ","73.00%"
"PANTALOONR","07/11/2007","AGM/DIV-RE0.50 PER SH","EQ",0.5
"PANTALOONR","25/11/2009","DIVIDEND-RE.0.60 PR SHARE","EQ",0.6
"PANTALOONR","20/10/2010","DIVIDEND-RE.0.80 PER SHARE","EQ",0.8
"PANTALOONR","08/11/2006","AGM/DIV-RS.2.50/- PER SH","EQ",2.5
"PANTALOONR","11/11/2005","AGM/DIV-RS.2.50/- PER SH","EQ",2.5
"PANTALOONR","05/11/2008","AGM/DIV-30%/BON 1DVR:10EQ","EQ","30.00%"
"PATELENG","20/07/2009","AGM/DIV-RE.0.95 PER SHARE","EQ",0.95
"PATELENG","28/07/2008","AGM/DIV FIN 20% + INT 80%PURPOSE REVISED","EQ","100.00%"
"PATELENG","29/10/2007","INTERIM DIVIDEND-130%","EQ","130.00%"
"PATELENG","21/03/2007","INTERIM DIVIDEND-130%    PURPOSE REVISED","EQ","130.00%"
"PATELENG","07/09/2006","AGM/DIVIDEND-30%","EQ","30.00%"
"PATELENG","22/09/2005","AGM/DIVIDEND-60%","EQ","60.00%"
"PATNI","16/06/2009","AGM/DIV-RS.3/- PER SHARE","EQ",3
"PATNI","14/06/2010","FINAL DIVIDEND-RS.3/- PER SHARE","EQ",3
"PATNI","30/08/2010","SPECIAL INTERIM DIVIDEND-RS.63/- PER SHARE","EQ",63
"PATNI","07/06/2005","AGM/DIVIDEND-100%","EQ","100.00%"
"PATNI","13/06/2006","AGM/FINAL DIVIDEND-125%","EQ","125.00%"
"PATNI","17/06/2008","AGM/DIVIDEND-150%","EQ","150.00%"
"PATNI","12/06/2007","AGM/FINAL DIVIDEND-150%","EQ","150.00%"
"PETRONET","11/06/2009","AGM/DIV-RS.1.75 PER SHARE","EQ",1.75
"PETRONET","10/06/2010","ANNUAL GENERAL MEETING AND DIVIDEND RS.1.75 PER SHARE","EQ",1.75
"PETRONET","16/06/2011","ANNUAL GENERAL MEETING AND DIVIDEND RS.2/- PER SHARE","EQ",2
"PETRONET","30/05/2007","AGM/DIVIDEND-12.5%","EQ","12.50%"
"PETRONET","22/05/2008","AGM/DIVIDEND - 15%","EQ","15.00%"
"PFC","07/09/2009","AGM/DIV-RS.1.35 PER SHARE","EQ",1.35
"PFC","03/09/2010","ANNUAL GENERAL MEETING AND DIVIDEND RS.1.50 PER SHARE","EQ",1.5
"PFC","21/01/2011","INTERIM DIVIDEND-RS.3.50 PER SHARE (PURPOSE REVISED)","EQ",3.5
"PFC","14/07/2008","AGM/DIVIDEND - 10%","EQ","10.00%"
"PFC","07/09/2007","AGM/FINAL DIVIDEND-10%","EQ","10.00%"
"PFC","11/02/2008","INTERIM DIVIDEND - 25%   PURPOSE REVISED","EQ","25.00%"
"PFC","24/02/2009","INTERIM DIVIDEND - 26.5% PURPOSE REVISED","EQ","26.50%"
"PIRHEALTH","15/06/2006","AGM/DIV-RS.3/- PER SHARE","EQ",3
"PIRHEALTH","05/06/2009","AGM/DIV-RS.4.20 PER SHARE","EQ",4.2
"PIRHEALTH","29/06/2010","DIVIDEND-RS.5.40 PER SHARE","EQ",5.4
"PIRHEALTH","23/03/2007","INTERIM DIVIDEND-150%    PURPOSE REVISED","EQ","150.00%"
"PIRHEALTH","24/06/2005","DIV150%/RGHT1:10 PR-RS173","EQ","150.00%"
"PIRHEALTH","16/06/2008","AGM/DIVIDEND - 210%","EQ","210.00%"
"PIRHEALTH","31/05/2007","AGM/FINAL DIVIDEND-25%","EQ","25.00%"
"PNB","07/06/2007","AGM/FIN DIV-RS.6/- PER SH","EQ",6
"PNB","08/07/2010","ANNUAL GENERAL MEETING AND FINAL DIVIDEND RS.12/- PER SHARE","EQ",12
"PNB","04/06/2009","AGM/DIV-RS.20/- PER SHARE","EQ",20
"PNB","16/06/2011","ANNUAL GENERAL MEETING AND DIVIDEND RS.22/- PER SHARE","EQ",22
"PNB","29/05/2008","AGM/DIVIDEND - 130%","EQ","130.00%"
"PNB","22/06/2006","AGM/FINAL DIVIDEND-30%   PURPOSE REVISED","EQ","30.00%"
"PNB","14/02/2007","INTERIM DIVIDEND-40%","EQ","40.00%"
"POLARIS","09/07/2009","AGM/DIV-RS.1.25 PER SHARE","EQ",1.25
"POLARIS","08/07/2010","AGM/DIV-RS.1.75 PER SHARE","EQ",1.75
"POLARIS","04/02/2010","INT DIV-RS.1.75 PER SHARE","EQ",1.75
"POLARIS","07/08/2006","AGM/DIVIDEND-25%","EQ","25.00%"
"POLARIS","04/04/2007","2ND INTERIM DIVIDEND-25% PURPOSE REVISED","EQ","25.00%"
"POLARIS","09/07/2008","AGM/DIVIDEND - 30%","EQ","30.00%"
"POLARIS","05/02/2009","INTERIM DIVIDEND - 30%","EQ","30.00%"
"POLARIS","08/07/2005","DIVIDEND-35%","EQ","35.00%"
"POWERGRID","07/09/2010","ANNUAL GENERAL MEETING AND DIVIDEND RE.1/- PER SHARE","EQ",0.1
"POWERGRID","11/02/2011","INTERIM DIVIDEND-RE.0.50 PER SHARE (PURPOSE REVISED)","EQ",0.5
"POWERGRID","11/01/2010","INT DIV-RE.0.50 PER SHAREPURPOSE REVISED","EQ",0.5
"POWERGRID","21/08/2009","DIVIDEND-RE.0.70 PR SHARE","EQ",0.7
"POWERGRID","10/03/2008","INTERIM DIVIDEND - 5%    PURPOSE REVISED","EQ","5.00%"
"POWERGRID","04/02/2009","INTERIM DIVIDEND - 5%    PURPOSE REVISED","EQ","5.00%"
"POWERGRID","01/09/2008","AGM/DIVIDEND - 7%","EQ","7.00%"
"PRAJIND","28/01/2010","INT DIV-RS.1.44 PER SHAREPURPOSE REVISED","EQ",1.44
"PRAJIND","07/02/2008","INTERIM DIV-RS.1.98 PR SHPURPOSE REVISED","EQ",1.98
"PRAJIND","19/10/2006","INTERIM DIVIDEND-45%     PURPOSE REVISED","EQ","45.00%"
"PRAJIND","06/02/2009","INT DIV-65%+SPL DIV-25%  PURPOSE REVISED","EQ","80.00%"
"PTC","17/09/2009","AGM/DIV-RS.1.20 PER SHARE","EQ",1.2
"PTC","16/09/2010","ANNUAL GENERAL MEETING AND DIVIDEND RS.1.20 PER SHARE","EQ",1.2
"PTC","24/07/2008","AGM/DIVIDEND - 10%","EQ","10.00%"
"PTC","13/09/2007","AGM/DIVIDEND-10%","EQ","10.00%"
"PTC","05/07/2006","AGM/DIVIDEND-10%","EQ","10.00%"
"PTC","21/09/2005","AGM/DIVIDEND-8%","EQ","8.00%"
"PUNJLLOYD","23/07/2010","ANNUAL GENERAL MEETING AND DIVIDEND RE.0.15 PER SHARE","EQ",0.15
"PUNJLLOYD","20/07/2009","AGM/DIV-RE.0.30 PER SHARE","EQ",0.3
"PUNJLLOYD","13/09/2006","AGM/DIVIDEND-10%","EQ","10.00%"
"PUNJLLOYD","18/07/2007","AGM/DIVIDEND-15%","EQ","15.00%"
"PUNJLLOYD","17/07/2008","AGM/DIVIDEND - 20%","EQ","20.00%"
"RANBAXY","28/04/2011","DIVIDEND - RS. 2 PER SHARE","EQ",2
"RANBAXY","01/11/2007","INT DIV-RS.2.50 PER SHARE","EQ",2.5
"RANBAXY","21/05/2008","AGM/DIV-RS.6/- PER SHARE","EQ",6
"RANBAXY","15/06/2006","AGM/FIN DIV-RS.6/- PER SH","EQ",6
"RANBAXY","02/11/2006","INTERIM DIVIDEND-50%","EQ","50.00%"
"RAYMOND","18/05/2011","ANNUAL GENERAL MEETING AND DIVIDEND RE.1/- PER SHARE","EQ",0.1
"RAYMOND","30/05/2008","AGM/DIVIDEND - 25%","EQ","25.00%"
"RAYMOND","30/05/2005","AGM/DIVIDEND-40%","EQ","40.00%"
"RAYMOND","30/05/2007","AGM/DIVIDEND-50%","EQ","50.00%"
"RAYMOND","06/06/2006","AGM/DIVIDEND-50%","EQ","50.00%"
"RCOM","04/08/2009","INT DIV-RE.0.80 PER SHAREPURPOSE REVISED","EQ",0.8
"RCOM","13/09/2010","ANNUAL GENERAL MEETING AND DIVIDEND RE.0.85 PER SHARE","EQ",0.85
"RCOM","05/07/2007","AGM/DIVIDEND-10%","EQ","10.00%"
"RCOM","19/09/2008","AGM/DIVIDEND - 15%","EQ","15.00%"
"RECLTD","03/09/2009","AGM/DIV-RS.2.50 PER SHARE","EQ",2.5
"RECLTD","24/08/2010","ANNUAL GENERAL MEETING AND DIVIDEND RS.3.50 PER SHARE","EQ",3.5
"RECLTD","11/02/2011","INTERIM DIVIDEND-RS.3.50 PER SHARE (PURPOSE REVISED)","EQ",3.5
"RECLTD","08/09/2008","AGM/DIVIDEND - 30%","EQ","30.00%"
"RELCAPITAL","30/05/2007","AGM/DIV-RS.3.50 PER SH","EQ",3.5
"RELCAPITAL","18/06/2008","DIVIDEND-RS5.50 PER SHARE","EQ",5.5
"RELCAPITAL","13/09/2010","ANNUAL GENERAL MEETING AND DIVIDEND RS.6.50 PER SHARE","EQ",6.5
"RELCAPITAL","30/06/2009","DIVIDEND-RS.6.50 PR SHARE","EQ",6.5
"RELCAPITAL","30/05/2005","DIVIDEND-30%","EQ","30.00%"
"RELIANCE","10/05/2010","DIVIDEND RS 7 PER SHARE","EQ",7
"RELIANCE","08/05/2008","DIVIDEND-RS.13 PER SHARE","EQ",13
"RELINFRA","25/05/2006","AGM/FIN DIV-RS3.80 PER SH","EQ",3.8
"RELINFRA","28/06/2007","AGM/DIV-RS.5.30 PER SH","EQ",5.3
"RELINFRA","19/05/2010","INTERIM DIVIDEND-RS.7.10 PER SHARE (PURPOSE REVISED)","EQ",7.1
"RELINFRA","30/05/2005","DIVIDEND-14%","EQ","14.00%"
"RELINFRA","04/07/2008","AGM/DIVIDEND - 63%","EQ","63.00%"
"RELMEDIA","30/07/2008","AGM/DIV-RS.2.50 PER SHARE","EQ",2.5
"RELMEDIA","20/09/2005","AGM/DIVIDEND-40%","EQ","40.00%"
"RELMEDIA","21/07/2006","AGM/DIVIDEND-45%","EQ","45.00%"
"RELMEDIA","19/10/2007","AGM/DIVIDEND-50%","EQ","50.00%"
"RENUKA","05/10/2010","INTERIM DIVIDEND-RE.1/- PER SHARE (PURPOSE REVISED)","EQ",0.1
"RENUKA","06/10/2009","DIV-INT RE .50+SPL RE .50PURPOSE REVISED","EQ",1
"RENUKA","22/12/2008","AGM/DIVIDEND - 20%","EQ","20.00%"
"RENUKA","21/12/2005","AGM/DIVIDEND-20%","EQ","20.00%"
"RENUKA","14/12/2006","AGM/FINAL DIVIDEND-20%","EQ","20.00%"
"RENUKA","19/12/2007","FINAL DIVIDEND - 20%","EQ","20.00%"
"ROLTA","12/11/2008","AGM/DIV-RS.3 PER SHARE","EQ",3
"ROLTA","13/11/2009","AGM/DIV-RS.3/- PER SHARE","EQ",3
"ROLTA","15/11/2010","ANNUAL GENERAL MEETING AND DIVIDEND RS.3.25 PER SHARE","EQ",3.25
"ROLTA","11/11/2005","AGM/DIV-RS.3.50/- PER SH","EQ",3.5
"ROLTA","17/11/2006","AGM/DIV-RS.4/- PER SH","EQ",4
"ROLTA","07/11/2007","AGM/DIV-RS.5.00 PER SH","EQ",5
"RUCHISOYA","23/09/2010","DIVIDEND-RE.0.50 PER SHARE","EQ",0.5
"RUCHISOYA","17/09/2009","AGM/DIV-RE.0.50 PER SHAREPURPOSE REVISED","EQ",0.5
"RUCHISOYA","15/09/2005","AGM/DIVIDEND-20%         PURPOSE REVISED","EQ","20.00%"
"RUCHISOYA","21/12/2006","AGM/DIVIDEND-22%","EQ","22.00%"
"RUCHISOYA","20/09/2007","AGM/DIVIDEND-24%","EQ","24.00%"
"RUCHISOYA","18/09/2008","DIVIDEND - 25%           PURPOSE REVISED","EQ","25.00%"
"SAIL","18/01/2011","INTERIM DIVIDEND-RS.1.20 PER SHARE (PURPOSE REVISED)","EQ",1.2
"SAIL","30/07/2009","AGM/DIV-RS.1.30 PER SHARE","EQ",1.3
"SAIL","01/02/2010","INT DIV-RS.1.60 PER SHAREPURPOSE REVISED","EQ",1.6
"SAIL","29/07/2010","FINAL DIVIDEND-RS.1.70 PER SHARE","EQ",1.7
"SAIL","30/01/2009","INTERIM DIVIDEND - 13%   PURPOSE REVISED","EQ","13.00%"
"SAIL","08/08/2007","AGM/DIVIDEND-15%","EQ","15.00%"
"SAIL","01/02/2007","INTERIM DIVIDEND-16%     PURPOSE REVISED","EQ","16.00%"
"SAIL","31/07/2008","AGM/DIVIDEND - 18%","EQ","18.00%"
"SAIL","11/08/2005","AGM/DIVIDEND-18%","EQ","18.00%"
"SAIL","01/02/2008","INTERIM DIVIDEND - 19%   PURPOSE REVISED","EQ","19.00%"
"SAIL","10/08/2006","AGM/DIVIDEND-7.5%","EQ","7.50%"
"SBIN","17/06/2005","DIVIDEND-RS.12.50 PER SHA","EQ",12.5
"SBIN","19/06/2006","DIVIDEND-RS.14 PER SHARE","EQ",14
"SBIN","09/06/2010","FINAL DIVIDEND-RS.20/- PER SHARE (PURPOSE REVISED)","EQ",20
"SBIN","29/05/2008","DIV-RS.21.50 PER SHARE","EQ",21.5
"SBIN","20/05/2011","DIVIDEND-RS.30/- PER SHARE (PURPOSE REVISED)","EQ",30
"SCI","16/09/2005","AGM/DIV-RS.3/- PER SHARE","EQ",3
"SCI","11/02/2011","INTERIM DIVIDEND-RS.3/- PER SHARE (PURPOSE REVISED)","EQ",3
"SCI","20/09/2010","ANNUAL GENERAL MEETING AND FINAL DIVIDEND RS.5/- PER SHARE","EQ",5
"SCI","18/09/2009","AGM/DIV-RS.6.5 PER SHARE","EQ",6.5
"SCI","03/04/2007","INT DIV-RS.8.50 PER SHAREPURPOSE REVISED","EQ",8.5
"SCI","19/09/2008","AGM/DIVIDEND - 40%","EQ","40.00%"
"SCI","27/02/2008","INTERIM DIVIDEND - 45%   PURPOSE REVISED","EQ","45.00%"
"SESAGOA","31/07/2009","AGM/DIV-RS.2.25 PER SHAREBC DATES REVISED","EQ",2.25
"SESAGOA","02/07/2010","DIVIDEND-RS.3.25 PR SHARE","EQ",3.25
"SESAGOA","30/06/2011","DIVIDEND-RS.3.50 PER SHARE","EQ",3.5
"SESAGOA","21/09/2007","AGM/FIN DIV-RS25/- PER SHBC DATES REVISED","EQ",25
"SESAGOA","11/07/2005","DIVIDEND-200%","EQ","200.00%"
"SESAGOA","11/07/2008","AGM/DIVIDEND - 300%","EQ","300.00%"
"SIEMENS","14/01/2008","DIVIDEND - RS.4.80 PER SH","EQ",4.8
"SIEMENS","06/01/2006","AGM/DIV-FIN-45% + SPL-55%","EQ","100.00%"
"SIEMENS","14/01/2009","AGM/DIVIDEND - 150%","EQ","150.00%"
"SIEMENS","02/01/2007","AGM/DIVIDEND - 190%","EQ","190.00%"
"SINTEX","25/09/2009","AGM/DIV-RS.1.10 PER SHARE","EQ",1.1
"SINTEX","09/09/2010","ANNUAL GENERAL MEETING AND DIVIDEND RS.1.20 PER SHARE","EQ",1.2
"SINTEX","30/08/2005","AGM/DIVIDEND-40%","EQ","40.00%"
"SINTEX","13/06/2006","AGM/DIVIDEND-44%","EQ","44.00%"
"SINTEX","13/06/2007","AGM/DIVIDEND - 48%","EQ","48.00%"
"SINTEX","28/08/2008","AGM/DIVIDEND - 50%","EQ","50.00%"
"SOBHA","11/06/2009","AGM/DIV-RE.1/- PER SHARE","EQ",0.1
"SOBHA","03/06/2010","DIVIDEND-RS.2.50 PR SHARE","EQ",2.5
"SOBHA","02/08/2007","AGM/DIVIDEND-55%","EQ","55.00%"
"SOBHA","16/07/2008","AGM/DIVIDEND - 65%","EQ","65.00%"
"SREINFRA","26/08/2009","AGM/DIV-RE.1/- PER SHARE","EQ",0.1
"SREINFRA","21/07/2010","DIVIDEND RE 1.20 PER SHARE","EQ",1.2
"SREINFRA","13/08/2007","AGM/DIVIDEND-10%","EQ","10.00%"
"SREINFRA","10/09/2008","AGM/DIVIDEND - 12%","EQ","12.00%"
"SREINFRA","12/07/2005","DIVIDEND-15%","EQ","15.00%"
"SREINFRA","06/06/2006","AGM/DIVIDEND-16.5%","EQ","16.50%"
"SRTRANSFIN","13/12/2006","AGM/INT DIV - RE.1 PER SH","EQ",0.1
"SRTRANSFIN","17/12/2007","INT DIVIDEND-RE.1 PER SH","EQ",0.1
"SRTRANSFIN","08/11/2010","INTERIM DIVIDEND-RS.2.50 PER SHARE","EQ",2.5
"SRTRANSFIN","24/07/2008","AGM/DIV- RS 4/- PER SHARE","EQ",4
"SRTRANSFIN","03/06/2010","AGM/DIV-RS.4/- PER SHARE","EQ",4
"SRTRANSFIN","16/07/2009","AGM/DIV-RS.4/- PER SHARE","EQ",4
"SRTRANSFIN","10/06/2011","ANNUAL GENERAL MEETING AND FINAL DIVIDEND-RS.4/- PER SHARE","EQ",4
"SRTRANSFIN","10/11/2008","INTERIM DIVIDEND - 10%","EQ","10.00%"
"SRTRANSFIN","30/08/2005","AGM/DIVIDEND-15%","EQ","15.00%"
"SRTRANSFIN","10/08/2007","AGM/FINAL DIVIDEND-20%","EQ","20.00%"
"SRTRANSFIN","13/07/2006","INTERIM DIVIDEND-20%","EQ","20.00%"
"STER","14/09/2009","AGM/DIV-RS.3.50 PER SHARE","EQ",3.5
"STER","19/05/2010","DIVIDEND-RS.3.75 PER SHARE","EQ",3.75
"STER","14/08/2008","AGM/DIVIDEND - 200%","EQ","200.00%"
"STER","23/08/2005","AGM/DIVIDEND-60%","EQ","60.00%"
"STER","08/09/2006","AGM/DIVIDEND-62.5%","EQ","62.50%"
"STRTECH","05/07/2010","ANNUAL GENERAL MEETING AND FINAL DIVIDEND RE.0.50 PER SHARE","EQ",0.5
"STRTECH","09/08/2006","AGM/DIVIDEND-10%","EQ","10.00%"
"STRTECH","06/07/2007","AGM/DIVIDEND-15%","EQ","15.00%"
"STRTECH","23/07/2008","DIVIDEND - 20%","EQ","20.00%"
"STRTECH","16/07/2009","DIVIDEND - 25%","EQ","25.00%"
"SUNPHARMA","21/08/2009","DIV-RS.13.75 PER SHARE","EQ",13.75
"SUNPHARMA","09/09/2010","DIVIDEND-RS.13.75 PER SHARE","EQ",13.75
"SUNPHARMA","06/09/2006","AGM/DIVIDEND-110%","EQ","110.00%"
"SUNPHARMA","15/03/2007","INTERIM DIVIDEND-135%    PURPOSE REVISED","EQ","135.00%"
"SUNPHARMA","25/08/2008","DIVIDEND - 210%","EQ","210.00%"
"SUNPHARMA","19/09/2005","AGM/DIVIDEND-75%","EQ","75.00%"
"SUNTV","20/08/2009","AGM/DIV-RE.1/- PER SHARE","EQ",0.1
"SUNTV","28/01/2010","INT DIV-RS.1.50 PER SHAREPURPOSE REVISED","EQ",1.5
"SUNTV","02/02/2011","INTERIM DIVIDEND-RS.5/- PER SHARE (PURPOSE REVISED)","EQ",5
"SUNTV","22/07/2010","ANNUAL GENERAL MEETING / DIVIDEND RS 6 PER SHARE","EQ",6
"SUNTV","13/09/2006","AGM/DIVIDEND-20%","EQ","20.00%"
"SUNTV","23/07/2007","AGM/SPL/BON-1:1/DIV-20%","EQ","20.00%"
"SUNTV","02/02/2009","INTERIM DIVIDEND - 30%   PURPOSE REVISED","EQ","30.00%"
"SUNTV","13/02/2007","INTERIM DIVIDEND-30%","EQ","30.00%"
"SUNTV","12/08/2008","AGM/DIVIDEND - 50%","EQ","50.00%"
"SUZLON","17/07/2008","AGM/DIVIDEND-RE.1 PER SH.","EQ",1
"SUZLON","06/07/2006","AGM/DIV-RS.2.50/- PER SH","EQ",2.5
"SYNDIBANK","16/06/2010","ANNUAL GENERAL MEETING AND DIVIDEND RS.3/- PER SHARE","EQ",3
"SYNDIBANK","15/06/2011","ANNUAL GENERAL MEETING AND DIVIDEND RS.3.70 PER SHARE","EQ",3.7
"SYNDIBANK","19/06/2006","AGM/FINAL DIVIDEND-10%","EQ","10.00%"
"SYNDIBANK","13/06/2008","AGM/DIVIDEND - 13%","EQ","13.00%"
"SYNDIBANK","12/06/2007","AGM/FINAL DIVIDEND-13%","EQ","13.00%"
"SYNDIBANK","20/05/2005","DIVIDEND-14%","EQ","14.00%"
"SYNDIBANK","17/06/2009","AGM/DIVIDEND - 15%","EQ","15.00%"
"SYNDIBANK","20/04/2009","INTERIM DIVIDEND - 15%","EQ","15.00%"
"SYNDIBANK","28/03/2008","INTERIM DIVIDEND - 15%","EQ","15.00%"
"SYNDIBANK","06/12/2006","INTERIM DIVIDEND-15%","EQ","15.00%"
"TATACHEM","29/06/2005","AGM/DIV.RS.6.50 PER SHARE","EQ",6.5
"TATACHEM","29/06/2006","AGM/DIV-RS.7/- PER SH","EQ",7
"TATACHEM","06/07/2007","AGM/DIV-RS.8/- PER SH","EQ",8
"TATACHEM","18/07/2008","AGM/DIV-RS.9 PER SHARE","EQ",9
"TATACHEM","14/07/2009","AGM/DIV-RS.9/- PER SHARE","EQ",9
"TATACOMM","11/08/2006","AGM/DIV-RS.4.50 PER SH","EQ",4.5
"TATACOMM","24/07/2008","AGM/DIV-RS.4.50 PER SHARE","EQ",4.5
"TATACOMM","13/07/2007","DIVIDEND-RS.4.50 PER SH","EQ",4.5
"TATACOMM","22/07/2009","DIVIDEND-RS.4.50 PR SHARE","EQ",4.5
"TATACOMM","30/08/2005","DIV-(FIN-RS4.5+SPL-RS1.5)","EQ",6
"TATAGLOBAL","05/08/2010","ANNUAL GENERAL MEETING AND DIVIDEND RS.2/- PER SHARE","EQ",2
"TATAGLOBAL","21/07/2006","AGM/DIV-RS.12/- PER SH","EQ",12
"TATAGLOBAL","23/07/2007","AGM/DIV-RS.15/- PER SH","EQ",15
"TATAGLOBAL","13/08/2009","AGM/DIV-17.50 PER SHARE","EQ",17.5
"TATAGLOBAL","01/08/2008","AGM/DIV-RS.15 + SPL-RS.20","EQ",35
"TATAGLOBAL","21/07/2005","AGM/DIVIDEND-100%","EQ","100.00%"
"TATAMOTORS","16/06/2008","DIVIDEND-RS.15 PER SHARE PURPOSE REVISED","EQ",15
"TATAMOTORS","23/06/2005","DIV FIN-100% + SPL-25%","EQ","125.00%"
"TATAMOTORS","23/06/2006","DIVIDEND-130%","EQ","130.00%"
"TATAMOTORS","01/06/2007","AGM/DIVIDEND-150%","EQ","150.00%"
"TATAMTRDVR","03/08/2009","DIVIDEND-RS.6.50 PR SHARE","EQ",6.5
"TATAMTRDVR","10/08/2010","DIVIDEND-RS.15.50 PER SHARE","EQ",15.5
"TATAPOWER","14/07/2009","AGM/DIV-RS.11.50 PR SHARE","EQ",11.5
"TATAPOWER","18/08/2008","AGM/DIVIDEND - 105%","EQ","105.00%"
"TATAPOWER","12/07/2005","AGM/DIVIDEND-75%","EQ","75.00%"
"TATAPOWER","07/07/2006","AGM/DIVIDEND-85%","EQ","85.00%"
"TATAPOWER","17/07/2007","AGM/DIVIDEND-95%","EQ","95.00%"
"TATASTEEL","12/07/2010","ANNUAL GENERAL MEETING AND DIVIDEND RS.8/- PER SHARE","EQ",8
"TATASTEEL","06/07/2009","AGM/DIV-RS.16/- PER SHARE","EQ",16
"TATASTEEL","26/05/2006","AGM/DIVIDEND-130%        PURPOSE REVISED","EQ","130.00%"
"TATASTEEL","07/06/2005","DIVIDEND-130%","EQ","130.00%"
"TATASTEEL","08/06/2007","AGM/DIV FIN-130%+SPL-25%","EQ","155.00%"
"TATASTEEL","18/07/2008","AGM/DIVIDEND - 160%","EQ","160.00%"
"TCS","31/07/2008","INT DIV - RS.3 PER SHARE PURPOSE REVISED","EQ",3
"TCS","22/10/2007","INT DIV-RS.3.00 PER SHAREPURPOSE REVISED","EQ",3
"TCS","23/01/2008","3RD INT DIV - RS 3 PER SH","EQ",3
"TCS","28/01/2009","3RD INT DIV-RS.3 PER SH  PURPOSE REVISED","EQ",3
"TCS","15/06/2007","AGM/FIN DIV-RS.4/- PER SH","EQ",4
"TCS","18/06/2008","AGM/DIV- RS 5/- PER SHARE","EQ",5
"TCS","15/06/2010","FINAL DIVIDEND RS.4/- PER SHARE AND SPECIAL DIVIDEND RS.10/- PER SHARE","EQ",14
"TCS","16/06/2006","AGM/FINAL DIVIDEND-450%","EQ","450.00%"
"TCS","06/07/2005","AGM/DIVIDEND-500%","EQ","500.00%"
"TECHM","21/07/2010","AGM/DIV-RS.3.50 PER SHARE","EQ",3.5
"TECHM","21/03/2007","INTERIM DIVIDEND-15%     PURPOSE REVISED","EQ","15.00%"
"TECHM","27/10/2008","INTERIM DIVIDEND - 40%   PURPOSE REVISED","EQ","40.00%"
"TECHM","17/07/2008","AGM/DIVIDEND-55%","EQ","55.00%"
"TITAN","10/07/2009","AGM/DIV-RS.10/- PER SHARE","EQ",10
"TITAN","12/08/2005","AGM/DIVIDEND-20%","EQ","20.00%"
"TITAN","04/08/2006","AGM/DIVIDEND-30%","EQ","30.00%"
"TITAN","11/07/2007","AGM/DIVIDEND-50%","EQ","50.00%"
"TITAN","15/07/2008","AGM/DIVIDEND - 80%","EQ","80.00%"
"TRIVENI","11/02/2011","ANNUAL GENERAL MEETING/FINAL DIVIDEND RE.0.20 PER SHARE/SPECIAL DIVIDEND RE.0.15 PER SHARE","EQ",0.35
"TRIVENI","18/05/2010","INTERIM DIVIDEND-RE.0.40 PER SHARE","EQ",0.4
"TRIVENI","22/12/2009","DIVIDEND-RE.0.70 PR SHARE","EQ",0.7
"TRIVENI","14/12/2007","FINAL DIVIDEND-10%","EQ","10.00%"
"TRIVENI","14/06/2007","2ND INTERIM DIVIDEND-15%","EQ","15.00%"
"TRIVENI","11/05/2009","INTERIM DIVIDEND - 30%","EQ","30.00%"
"TRIVENI","02/11/2006","INTERIM DIVIDEND - 35%","EQ","35.00%"
"TRIVENI","26/06/2006","DIVIDEND-50%","EQ","50.00%"
"TRIVENI","18/12/2008","DIVIDEND-60%","EQ","60.00%"
"TULIP","18/08/2010","ANNUAL GENERAL MEETING AND FINAL DIVIDEND RS.1.60 PER SHARE","EQ",1.6
"TULIP","18/09/2006","AGM/DIVIDEND-10%","EQ","10.00%"
"TULIP","18/09/2008","AGM/DIVIDEND - 20%","EQ","20.00%"
"TULIP","21/09/2007","AGM/FINAL DIVIDEND-20%","EQ","20.00%"
"TV18","16/11/2007","INT DIV-RS.1.25 PER SH","EQ",1.25
"TV18","13/05/2008","2ND INTERIM DIVIDEND-15%","EQ","15.00%"
"TV18","22/03/2007","INTERIM DIVIDEND-40%","EQ","40.00%"
"TVSMOTOR","10/08/2007","AGM/FIN DIV-RE0.15 PER SH","EQ",0.15
"TVSMOTOR","25/01/2011","INTERIM DIVIDEND-RE.0.50 PER SHARE (PURPOSE REVISED)","EQ",0.5
"TVSMOTOR","26/07/2010","2ND INTERIM DIVIDEND-RE.0.50 PER SHARE (PURPOSE REVISED)","EQ",0.5
"TVSMOTOR","06/08/2008","AGM/DIV-RS.0.70 PER SHARE","EQ",0.7
"TVSMOTOR","27/10/2006","INT DIV-RE.0.70 PER SH   PURPOSE REVISED","EQ",0.7
"TVSMOTOR","25/01/2010","INT DIV-RE.0.70 PER SHAREPURPOSE REVISED","EQ",0.7
"TVSMOTOR","29/06/2009","INT DIV-RE.0.70 PER SHAREPURPOSE REVISED","EQ",0.7
"TVSMOTOR","03/06/2005","2ND INTERIM DIVIDEND-60%","EQ","60.00%"
"TVSMOTOR","03/07/2006","2ND INTERIM DIVIDEND-60%","EQ","60.00%"
"UCOBANK","16/06/2009","AGM/DIV-RE.1/- PER SHARE","EQ",0.1
"UCOBANK","23/06/2010","ANNUAL GENERAL MEETING AND DIVIDEND RS.1.50 PER  SHARE","EQ",1.5
"UCOBANK","19/06/2008","AGM/DIVIDEND - 10%","EQ","10.00%"
"UCOBANK","01/06/2005","AGM/DIVIDEND-10%","EQ","10.00%"
"ULTRACEMCO","11/08/2005","DIVIDEND-RE.0.75 PER SH.","EQ",0.75
"ULTRACEMCO","09/07/2009","AGM/DIV-RS.5/- PER SHARE","EQ",5
"ULTRACEMCO","21/06/2010","FINAL DIVIDEND-RS.6/- PER SHARE","EQ",6
"ULTRACEMCO","09/07/2008","AGM/DIVIDEND - 50%","EQ","50.00%"
"UNIONBANK","18/06/2009","AGM/DIV-RS.5/- PER SHARE","EQ",5
"UNIONBANK","24/06/2010","ANNUAL GENERAL MEETING AND DIVIDEND RS.5.50 PER SHARE","EQ",5.5
"UNIONBANK","16/06/2011","ANNUAL GENERAL MEETING AND DIVIDEND RS.8/- PER SHARE","EQ",8
"UNIONBANK","07/06/2005","AGM/FINAL DIVIDEND-15%","EQ","15.00%"
"UNIONBANK","11/01/2007","INTERIM DIVIDEND-15%","EQ","15.00%"
"UNIONBANK","14/06/2007","AGM/FINAL DIVIDEND-20%","EQ","20.00%"
"UNIONBANK","08/06/2006","AGM/FINAL DIVIDEND-35%","EQ","35.00%"
"UNIONBANK","17/06/2008","AGM/DIVIDEND - 40%","EQ","40.00%"
"UNIPHOS","03/09/2009","AGM/DIV-RS.1.50 PER SHARE","EQ",1.5
"UNIPHOS","26/08/2010","ANNUAL GENERAL MEETING AND DIVIDEND RS.2/- PER SHARE","EQ",2
"UNIPHOS","04/09/2008","AGM/DIVIDEND - 100%","EQ","100.00%"
"UNIPHOS","17/08/2005","AGM/DIVIDEND-40%","EQ","40.00%"
"UNIPHOS","07/09/2006","AGM/DIVIDEND-50%","EQ","50.00%"
"UNIPHOS","21/03/2007","INTERIM DIVIDEND-60%     PURPOSE REVISED","EQ","60.00%"
"UNITECH","06/08/2009","AGM/DIV-RE.0.10 PER SHARE","EQ",0.1
"UNITECH","02/09/2010","ANNUAL GENERAL MEETING AND DIVIDEND RE.0.20 PER SHARE","EQ",0.2
"UNITECH","17/08/2006","AGM/DIVIDEND-10%","EQ","10.00%"
"UNITECH","25/08/2008","AGM/DIVIDEND - 12.5%","EQ","12.50%"
"UNITECH","20/07/2007","AGM/DIVIDEND-25%","EQ","25.00%"
"UNITECH","15/09/2005","AGM/DIVIDEND-40%","EQ","40.00%"
"VIDEOIND","13/03/2009","AGM/DIV-RE.1/- PER SHARE","EQ",0.1
"VIDEOIND","14/06/2011","ANNUAL GENERAL MEETING AND DIVIDEND RE.1/- PER SHARE","EQ",0.1
"VIDEOIND","18/03/2010","AGM/DIV-RS.2/RH2:9@PRM215","EQ",2
"VIDEOIND","16/03/2006","AGM/DIV-RS.2.50 PER SH","EQ",2.5
"VIDEOIND","15/03/2007","AGM/DIV-RS.3.50/- PER SH","EQ",3.5
"VIDEOIND","14/03/2008","AGM/DIVIDEND - 35%","EQ","35.00%"
"VIJAYABANK","02/07/2009","AGM/DIV-RE.1/- PER SHARE","EQ",0.1
"VIJAYABANK","02/07/2010","ANNUAL GENERAL MEETING AND DIVIDEND RS.2.50 PER SHARE","EQ",2.5
"VIJAYABANK","17/06/2011","ANNUAL GENERAL MEETING/DIVIDEND RS.2.50 PER SHARE/ELECTION OF DIRECTORS","EQ",2.5
"VIJAYABANK","18/06/2007","AGM/DIVIDEND - 10%","EQ","10.00%"
"VIJAYABANK","11/05/2006","DIVIDEND-10%","EQ","10.00%"
"VIJAYABANK","06/11/2006","INTERIM DIVIDEND-10%","EQ","10.00%"
"VIJAYABANK","12/06/2008","AGM/DIVIDEND - 20%","EQ","20.00%"
"VOLTAS","10/07/2009","AGM/DIV-RS.1.60 PER SHARE","EQ",1.6
"VOLTAS","16/07/2010","ANNUAL GENERAL MEETING AND DIVIDEND RS.2/- PER SHARE","EQ",2
"VOLTAS","06/07/2007","AGM/DIVIDEND-100%","EQ","100.00%"
"VOLTAS","27/06/2008","AGM/DIVIDEND-135%","EQ","135.00%"
"VOLTAS","29/07/2005","AGM/DIV-(FIN-35%+SPL-15%)","EQ","50.00%"
"VOLTAS","07/07/2006","AGM/DIVIDEND-60%","EQ","60.00%"
"WELCORP","08/06/2009","DIVIDEND-RS.1.50 PR SHARE","EQ",1.5
"WELCORP","21/09/2006","AGM/DIVIDEND-10%","EQ","10.00%"
"WELCORP","09/07/2007","AGM/DIVIDEND-20%","EQ","20.00%"
"WELCORP","29/07/2008","AGM/DIVIDEND - 30%","EQ","30.00%"
"WIPRO","28/06/2007","AGM/FIN DIV-RE.1/- PER SH","EQ",0.1
"WIPRO","27/01/2011","INTERIM DIVIDEND-RS.2/- PER SHARE (PURPOSE REVISED)","EQ",2
"WIPRO","29/06/2009","AGM/DIV - RS.4 PER SHARE","EQ",4
"WIPRO","27/06/2008","AGM/DIV-RS.4 PER SHARE","EQ",4
"WIPRO","29/06/2011","ANNUAL GENERAL MEETING AND DIVIDEND RS.4/- PER SHARE","EQ",4
"WIPRO","29/06/2005","AGM/ DIVIDEND-RS.5 PER SH","EQ",5
"WIPRO","29/06/2006","AGM/FIN DIV-RS.5/- PER SH","EQ",5
"YESBANK","24/06/2010","ANNUAL GENERAL MEETING AND DIVIDEND RS.1.50 PER SHARE","EQ",1.5
"YESBANK","17/06/2011","ANNUAL GENERAL MEETING AND DIVIDEND RS.2.50 PER SHARE","EQ",2.5
"ZEEL","06/08/2009","AGM/DIV-RS.2/- PER SHARE","EQ",2
"ZEEL","07/10/2010","ANNUAL GENERAL MEETING / DIVIDEND RS.2/- PER SHARE / SCHEME OF ARRANGEMENT","EQ",2
"ZEEL","29/04/2010","SPL INT DIV-RS.2/- PR SHR","EQ",2
"ZEEL","20/09/2005","AGM/DIVIDEND-100%","EQ","100.00%"
"ZEEL","18/12/2006","SCH OF ARNGMNT/DIV-100%  PURPOSE REVISED","EQ","100.00%"
"ZEEL","08/08/2007","AGM/DIVIDEND-150%","EQ","150.00%"
"ZEEL","17/07/2008","AGM/DIVIDEND-200%","EQ","200.00%"
