"SYMBOL","EX_DATE","DIVIDEND"
"3IINFOTECH","2005-06-30","1"
"3IINFOTECH","2008-07-07","1.5"
"3IINFOTECH","2009-07-09","1.5"
"3IINFOTECH","2010-07-08","1.5"
"3IINFOTECH","2006-06-30","2"
"3IINFOTECH","2007-07-05","2"
"ABAN","2009-09-08","3.6"
"ABAN","2010-09-15","3.6"
"ABAN","2005-08-22","2"
"ABAN","2006-07-06","2.6"
"ABAN","2007-08-08","3"
"ABAN","2008-09-08","3.6"
"ABB","2010-05-03","2"
"ABB","2011-05-02","2"
"ABB","2009-05-11","2.2"
"ABB","2008-05-26","2.2"
"ABB","2006-05-12","8"
"ABB","2007-05-14","10"
"ABGSHIP","2007-09-20","1.5"
"ABGSHIP","2010-09-16","4"
"ABGSHIP","2008-09-11","2"
"ABIRLANUVO","2005-06-09","4"
"ABIRLANUVO","2009-07-02","4"
"ABIRLANUVO","2006-08-08","5"
"ABIRLANUVO","2008-07-03","5.75"
"ABIRLANUVO","2007-03-20","5.5"
"ACC","2006-03-29","8"
"ACC","2009-03-24","10"
"ACC","2008-04-10","10"
"ACC","2008-07-31","10"
"ACC","2010-07-28","10"
"ACC","2007-03-14","15"
"ACC","2011-03-29","21.5"
"ADANIENT","2009-08-20","1"
"ADANIENT","2010-08-12","1"
"ADANIENT","2005-08-05","0.4"
"ADANIENT","2006-07-24","0.45"
"ADANIENT","2007-03-22","0.45"
"ADANIENT","2008-09-18","0.6"
"ALBK","2009-05-19","2.5"
"ALBK","2010-05-13","5.5"
"ALBK","2011-05-12","6"
"ALBK","2005-06-02","1.5"
"ALBK","2007-06-07","3"
"ALBK","2008-05-29","3.5"
"ALBK","2006-06-29","4"
"ALOKTEXT","2010-09-08","0.25"
"ALOKTEXT","2009-04-28","0.75"
"ALOKTEXT","2008-09-18","1.2"
"ALOKTEXT","2006-09-18","1.2"
"ALOKTEXT","2005-09-15","1.2"
"ALOKTEXT","2007-09-14","1.4"
"AMBUJACEM","2008-02-14","1"
"AMBUJACEM","2010-02-18","1.2"
"AMBUJACEM","2009-08-04","1.2"
"AMBUJACEM","2010-08-05","1.2"
"AMBUJACEM","2011-02-11","1.4"
"AMBUJACEM","2007-08-03","2.5"
"AMBUJACEM","2005-08-17","0.6"
"AMBUJACEM","2007-02-21","0.8"
"AMBUJACEM","2009-02-18","1"
"AMBUJACEM","2006-05-04","1"
"AMBUJACEM","2008-08-08","1.2"
"AMBUJACEM","2006-11-02","1.5"
"ANDHRABANK","2009-06-12","4.5"
"ANDHRABANK","2010-06-03","5"
"ANDHRABANK","2011-06-15","5.5"
"ANDHRABANK","2005-05-11","1.5"
"ANDHRABANK","2007-06-19","1.8"
"ANDHRABANK","2008-06-10","2"
"ANDHRABANK","2008-03-14","2"
"ANDHRABANK","2007-03-22","2"
"ANDHRABANK","2006-05-12","3.5"
"APIL","2006-07-14","4"
"APIL","2005-07-15","5.5"
"APIL","2008-07-15","8"
"APIL","2009-07-13","10"
"APIL","2011-06-29","10"
"APIL","2007-07-13","10"
"APOLLOTYRE","2009-06-29","0.45"
"APOLLOTYRE","2010-07-14","0.75"
"APOLLOTYRE","2006-08-21","4.5"
"APOLLOTYRE","2007-03-23","4.5"
"APOLLOTYRE","2008-06-27","0.5"
"AREVAT&D","2011-04-26","1.8"
"AREVAT&D","2010-04-13","1.8"
"AREVAT&D","2009-04-29","1.8"
"ASHOKLEY","2009-07-14","1"
"ASHOKLEY","2010-07-16","1.5"
"ASHOKLEY","2011-06-29","2"
"ASHOKLEY","2005-07-07","1"
"ASHOKLEY","2006-07-12","1.2"
"ASHOKLEY","2008-07-16","1.5"
"ASHOKLEY","2007-03-28","1.5"
"ASIANPAINT","2007-10-25","6.5"
"ASIANPAINT","2007-03-20","6.5"
"ASIANPAINT","2009-10-26","8.5"
"ASIANPAINT","2010-10-29","8.5"
"ASIANPAINT","2009-06-17","11"
"ASIANPAINT","2010-06-30","18.5"
"ASIANPAINT","2011-06-09","23.5"
"ASIANPAINT","2007-06-13","1"
"ASIANPAINT","2008-06-12","10.5"
"ASIANPAINT","2005-06-22","5.5"
"ASIANPAINT","2006-11-03","5.5"
"ASIANPAINT","2008-10-29","6.5"
"ASIANPAINT","2006-06-15","8"
"AUROPHARMA","2009-12-16","1.5"
"AUROPHARMA","2010-09-13","2"
"AUROPHARMA","2010-11-11","5"
"AUROPHARMA","2005-09-20","0.1"
"AUROPHARMA","2006-09-08","0.3"
"AUROPHARMA","2007-09-14","0.5"
"AUROPHARMA","2009-02-05","0.6"
"AUROPHARMA","2008-08-11","0.65"
"AXISBANK","2010-05-20","12"
"AXISBANK","2011-06-08","14"
"AXISBANK","2009-05-14","10"
"AXISBANK","2006-05-16","3.5"
"AXISBANK","2007-05-17","4.5"
"AXISBANK","2008-05-22","6"
"BAJAJ-AUTO","2009-07-02","22"
"BAJAJ-AUTO","2010-07-08","40"
"BAJAJ-AUTO","2011-06-29","40"
"BAJAJ-AUTO","2008-06-27","20"
"BAJAJHIND","2011-03-10","0.7"
"BAJAJHIND","2010-03-11","0.7"
"BAJAJHIND","2006-03-16","0.5"
"BAJAJHIND","2009-03-12","0.6"
"BAJAJHIND","2008-02-14","0.6"
"BAJAJHIND","2007-03-15","0.6"
"BAJAJHLDNG","2009-07-02","1"
"BAJAJHLDNG","2005-06-29","25"
"BAJAJHLDNG","2010-07-08","30"
"BAJAJHLDNG","2011-06-29","35"
"BAJAJHLDNG","2007-06-28","40"
"BAJAJHLDNG","2006-06-29","40"
"BAJAJHLDNG","2008-06-27","20"
"BALRAMCHIN","2010-01-12","3"
"BALRAMCHIN","2006-12-22","1.5"
"BALRAMCHIN","2005-07-11","1.6"
"BALRAMCHIN","2006-05-16","2"
"BALRAMCHIN","2009-01-16","0.5"
"BANKBARODA","2009-06-18","900.00%"
"BANKBARODA","2010-06-24","15"
"BANKBARODA","2011-06-23","16.5"
"BANKBARODA","2007-06-21","3"
"BANKBARODA","2007-03-22","3"
"BANKBARODA","2006-06-29","5"
"BANKBARODA","2008-07-17","8"
"BANKINDIA","2009-07-02","5"
"BANKINDIA","2010-07-08","7"
"BANKINDIA","2005-06-30","1"
"BANKINDIA","2007-06-29","1.5"
"BANKINDIA","2006-12-19","2"
"BANKINDIA","2006-07-04","3"
"BANKINDIA","2009-03-13","3"
"BANKINDIA","2008-07-03","4"
"BATAINDIA","2010-05-06","3"
"BATAINDIA","2011-06-10","4"
"BATAINDIA","2008-05-29","2"
"BATAINDIA","2009-05-07","2.5"
"BEL","2009-01-28","6"
"BEL","2011-02-02","6"
"BEL","2009-09-14","12.7"
"BEL","2010-09-13","13.2"
"BEL","2006-09-01","10.6"
"BEL","2007-09-07","14"
"BEL","2008-09-12","14.7"
"BEL","2005-08-31","7.2"
"BEML","2010-08-09","10"
"BEML","2007-02-13","4"
"BEML","2008-03-04","5.5"
"BEML","2008-09-25","6.5"
"BEML","2006-09-18","7"
"BEML","2007-07-11","8"
"BEML","2005-09-19","8.5"
"BGRENERGY","2009-09-07","3"
"BGRENERGY","2010-09-16","7"
"BGRENERGY","2008-09-11","2"
"BHARATFORG","2005-07-20","2.5"
"BHARATFORG","2006-07-20","3"
"BHARATFORG","2008-07-31","3.5"
"BHARATFORG","2007-07-19","3.5"
"BHARTIARTL","2010-08-18","1"
"BHARTIARTL","2009-07-24","5"
"BHEL","2009-09-01","8"
"BHEL","2010-09-01","12.3"
"BHEL","2011-03-18","13.25"
"BHEL","2007-02-13","12.5"
"BHEL","2006-09-01","2"
"BHEL","2005-09-06","4.5"
"BHEL","2007-08-30","6"
"BHEL","2008-09-01","6.25"
"BHEL","2009-02-17","9"
"BHUSANSTL","2009-09-17","2.5"
"BHUSANSTL","2010-09-21","2.5"
"BHUSANSTL","2005-09-08","0.3"
"BHUSANSTL","2008-09-17","0.5"
"BHUSANSTL","2007-09-11","0.5"
"BHUSANSTL","2006-09-14","0.5"
"BIOCON","2011-05-05","1.5"
"BIOCON","2006-06-29","2.5"
"BIOCON","2009-07-08","3"
"BIOCON","2010-07-08","3.5"
"BIOCON","2008-07-03","5"
"BIOCON","2005-06-29","2"
"BIOCON","2007-06-28","3"
"BOMDYEING","2010-07-30","2.5"
"BOMDYEING","2008-08-08","3.5"
"BOMDYEING","2007-07-03","5"
"BOMDYEING","2006-07-04","5"
"BOSCHLTD","2007-05-14","4"
"BOSCHLTD","2006-04-28","12"
"BOSCHLTD","2009-05-07","25"
"BOSCHLTD","2008-05-14","25"
"BOSCHLTD","2010-05-13","30"
"BOSCHLTD","2011-05-12","40"
"BOSCHLTD","2011-06-23","85"
"BPCL","2009-08-26","7"
"BPCL","2010-09-08","14"
"BPCL","2007-09-04","10"
"BPCL","2006-11-15","2.5"
"BPCL","2008-09-10","4"
"BPCL","2007-01-15","6"
"BRFL","2006-08-17","1"
"BRFL","2007-08-16","1.25"
"BRFL","2009-09-17","1.5"
"BRFL","2010-09-14","1.5"
"BRFL","2008-09-18","1.5"
"CANBK","2009-07-08","8"
"CANBK","2010-06-14","10"
"CANBK","2005-07-26","3"
"CANBK","2006-06-14","6.6"
"CANBK","2007-06-26","7"
"CANBK","2008-06-10","8"
"CENTRALBK","2010-07-08","1.2"
"CENTRALBK","2008-07-22","2"
"CENTRALBK","2009-07-27","2"
"CENTURYTEX","2009-07-10","4.5"
"CENTURYTEX","2010-07-12","5.5"
"CENTURYTEX","2005-07-05","2.5"
"CENTURYTEX","2006-06-20","3"
"CENTURYTEX","2007-03-20","3.75"
"CENTURYTEX","2008-07-07","4.5"
"CESC","2009-07-09","4"
"CESC","2010-07-08","4"
"CESC","2005-07-14","2.5"
"CESC","2006-07-06","2.5"
"CESC","2007-07-12","3.5"
"CESC","2008-07-17","4"
"CHAMBLFERT","2009-07-31","1.8"
"CHAMBLFERT","2010-07-30","1.9"
"CHAMBLFERT","2008-07-30","1.8"
"CHAMBLFERT","2006-07-17","1.8"
"CHAMBLFERT","2005-09-29","1.8"
"CHAMBLFERT","2007-07-16","1.8"
"CHENNPETRO","2010-08-20","12"
"CHENNPETRO","2008-08-22","12"
"CHENNPETRO","2005-08-11","12"
"CHENNPETRO","2007-08-24","12"
"CHENNPETRO","2008-05-29","5"
"CHENNPETRO","2006-08-16","9"
"CIPLA","2010-09-03","0.8"
"CIPLA","2007-08-08","2"
"CIPLA","2006-08-18","2"
"CIPLA","2009-08-10","2"
"CIPLA","2010-07-23","2"
"CIPLA","2008-08-12","2"
"CIPLA","2005-08-19","3.5"
"COLPAL","2010-12-14","5"
"COLPAL","2008-07-08","7"
"COLPAL","2011-03-30","7"
"COLPAL","2011-06-13","8"
"COLPAL","2008-12-12","9"
"COLPAL","2010-08-17","10"
"CONCOR","2008-08-12","7.5"
"CONCOR","2011-01-28","7.5"
"CONCOR","2008-02-14","11"
"CONCOR","2007-08-08","11"
"CONCOR","2007-01-31","11"
"CONCOR","2009-02-09","6"
"CONCOR","2006-08-16","8"
"CONCOR","2005-09-14","8.5"
"COREPROTEC","2010-09-23","0.6"
"COREPROTEC","2009-09-17","0.6"
"COREPROTEC","2008-07-24","0.2"
"COREPROTEC","2007-06-06","0.1"
"CROMPGREAV","2011-03-28","0.6"
"CROMPGREAV","2008-02-04","0.8"
"CROMPGREAV","2010-10-29","0.8"
"CROMPGREAV","2009-10-30","0.8"
"CROMPGREAV","2011-02-03","0.8"
"CROMPGREAV","2010-02-04","1.4"
"CROMPGREAV","2006-10-26","0.4"
"CROMPGREAV","2007-11-02","0.4"
"CROMPGREAV","2008-04-03","0.4"
"CROMPGREAV","2007-02-01","0.5"
"CROMPGREAV","2007-03-23","0.5"
"CROMPGREAV","2009-03-30","0.5"
"CROMPGREAV","2008-10-27","0.7"
"CROMPGREAV","2009-01-29","0.8"
"CUMMINSIND","2008-02-14","2"
"CUMMINSIND","2009-07-23","2.6"
"CUMMINSIND","2010-08-05","6"
"CUMMINSIND","2011-02-10","7"
"CUMMINSIND","2005-07-15","2"
"CUMMINSIND","2007-07-19","2"
"CUMMINSIND","2006-07-17","2"
"CUMMINSIND","2007-02-08","2"
"CUMMINSIND","2008-12-15","2.4"
"CUMMINSIND","2008-07-17","2.6"
"CUMMINSIND","2009-02-03","4"
"DABUR","2010-11-02","0.5"
"DABUR","2011-06-29","0.65"
"DABUR","2009-10-30","0.75"
"DABUR","2009-06-29","1"
"DABUR","2010-08-03","1.25"
"DABUR","2006-06-21","1"
"DABUR","2006-11-03","1"
"DABUR","2005-06-29","1.5"
"DABUR","2008-06-19","0.75"
"DABUR","2007-10-29","0.75"
"DABUR","2009-02-02","0.75"
"DABUR","2007-03-16","0.75"
"DCHL","2005-09-23","0.2"
"DCHL","2006-08-04","0.2"
"DCHL","2008-09-11","2"
"DCHL","2008-12-22","2"
"DCHL","2007-08-13","1"
"DCHL","2007-02-01","1"
"DENABANK","2009-07-02","1.2"
"DENABANK","2010-07-07","2"
"DENABANK","2008-06-26","1"
"DENABANK","2007-06-14","0.8"
"DIVISLAB","2009-06-15","6"
"DIVISLAB","2010-07-02","6"
"DIVISLAB","2011-06-16","10"
"DIVISLAB","2006-08-23","2"
"DIVISLAB","2007-03-23","2"
"DIVISLAB","2008-06-26","4"
"DIVISLAB","2005-08-11","1.6"
"DLF","2010-09-17","2"
"DLF","2008-09-19","2"
"DLF","2007-09-18","2"
"DLF","2007-11-05","2"
"DRREDDY","2009-07-03","6.25"
"DRREDDY","2011-06-30","11.25"
"DRREDDY","2010-07-02","11.25"
"DRREDDY","2006-07-07","5"
"DRREDDY","2008-07-04","3.75"
"DRREDDY","2007-07-06","3.75"
"EDUCOMP","2010-09-16","1.75"
"EDUCOMP","2009-09-17","2.5"
"EDUCOMP","2006-08-17","0.3"
"EDUCOMP","2007-08-31","0.4"
"EDUCOMP","2008-06-26","0.5"
"EKC","2009-07-16","1.2"
"EKC","2010-07-15","1.2"
"EKC","2006-07-20","0.7"
"EKC","2007-06-28","1"
"EKC","2008-07-24","1.2"
"ESCORTS","2011-02-10","1.5"
"EXIDEIND","2010-07-02","0.4"
"EXIDEIND","2009-10-27","0.6"
"EXIDEIND","2010-10-21","0.9"
"EXIDEIND","2009-07-08","0.2"
"EXIDEIND","2005-07-21","0.25"
"EXIDEIND","2006-07-12","0.3"
"EXIDEIND","2007-07-11","0.35"
"EXIDEIND","2008-07-16","0.4"
"EXIDEIND","2009-01-23","0.4"
"FEDERALBNK","2010-09-02","5"
"FEDERALBNK","2005-09-08","2.5"
"FEDERALBNK","2006-09-07","3.5"
"FEDERALBNK","2008-07-10","4"
"FEDERALBNK","2007-08-16","4"
"FINANTECH","2009-09-17","2"
"FINANTECH","2010-09-22","2"
"FINANTECH","2010-11-18","2"
"FINANTECH","2007-09-21","2"
"FINANTECH","2008-11-14","2"
"FINANTECH","2009-02-11","2"
"FINANTECH","2007-04-26","3.6"
"FINANTECH","2005-09-16","0.4"
"FINANTECH","2006-09-22","5.2"
"FINANTECH","2007-11-15","7"
"FINANTECH","2006-11-16","0.8"
"FINANTECH","2006-08-17","0.8"
"FINANTECH","2007-02-14","0.8"
"FINANTECH","2008-08-21","8"
"FINANTECH","2008-02-01","8"
"FINANTECH","2007-08-16","1"
"GAIL","2010-12-27","2"
"GAIL","2010-09-02","5.5"
"GAIL","2007-08-16","2"
"GAIL","2006-07-28","2"
"GAIL","2007-03-09","2.5"
"GAIL","2005-09-14","4"
"GAIL","2009-01-30","4"
"GAIL","2007-12-19","4"
"GAIL","2006-12-27","5.5"
"GAIL","2008-08-21","6"
"GESHIP","2009-02-10","2.5"
"GESHIP","2008-10-31","2.5"
"GESHIP","2008-02-05","3.5"
"GESHIP","2010-11-02","3.5"
"GESHIP","2007-10-25","4"
"GESHIP","2008-05-08","7.5"
"GESHIP","2010-07-20","8"
"GESHIP","2007-07-10","4.5"
"GLAXO","2006-03-24","28"
"GLAXO","2008-04-02","36"
"GLAXO","2011-03-14","40"
"GLAXO","2009-03-18","40"
"GLAXO","2007-03-14","31"
"GMDCLTD","2009-09-17","2"
"GMDCLTD","2010-09-17","2.5"
"GMDCLTD","2008-09-01","2"
"GMDCLTD","2007-09-14","2"
"GMDCLTD","2005-09-14","1"
"GMDCLTD","2006-12-13","1.2"
"GODREJIND","2007-07-18","1"
"GODREJIND","2009-07-20","1.25"
"GODREJIND","2010-07-16","1.5"
"GODREJIND","2006-07-13","5"
"GODREJIND","2008-07-18","1.25"
"GRASIM","2005-06-29","16"
"GRASIM","2007-03-15","27.5"
"GSPL","2009-11-26","0.75"
"GSPL","2010-09-13","1"
"GSPL","2006-09-15","0.25"
"GSPL","2008-09-15","0.5"
"GSPL","2007-09-10","0.5"
"GTL","2007-06-11","2.5"
"GTL","2006-09-26","10"
"GTL","2008-05-30","3"
"GTOFFSHORE","2009-09-10","2.5"
"GTOFFSHORE","2010-07-29","2.5"
"GTOFFSHORE","2008-06-25","8"
"GTOFFSHORE","2007-09-07","8"
"GVKPIL","2006-11-06","0.25"
"HAVELLS","2010-02-09","1.25"
"HAVELLS","2009-08-12","2.5"
"HAVELLS","2010-09-06","2.5"
"HAVELLS","2007-06-20","2.5"
"HAVELLS","2008-06-26","2.5"
"HAVELLS","2005-06-24","2.5"
"HAVELLS","2006-06-05","2.5"
"HCC","2011-05-30","0.4"
"HCC","2006-05-24","0.7"
"HCC","2007-05-25","0.75"
"HCC","2009-05-27","0.8"
"HCC","2010-05-28","0.8"
"HCC","2008-05-28","0.8"
"HCC","2005-05-24","6"
"HCLTECH","2009-12-02","1"
"HCLTECH","2007-11-30","2"
"HCLTECH","2011-01-24","2"
"HCLTECH","2008-01-23","2"
"HCLTECH","2011-04-25","2"
"HCLTECH","2007-04-23","2"
"HCLTECH","2010-10-22","2.5"
"HCLTECH","2006-12-04","4"
"HCLTECH","2009-01-28","2"
"HCLTECH","2008-04-21","2"
"HCLTECH","2005-12-06","4"
"HCLTECH","2008-10-22","6"
"HDFC","2005-06-29","17"
"HDFC","2006-06-30","20"
"HDFC","2007-06-12","22"
"HDFC","2008-06-27","25"
"HDFC","2009-07-06","30"
"HDFC","2010-06-29","36"
"HDFCBANK","2006-05-11","5.5"
"HDFCBANK","2007-05-17","7"
"HDFCBANK","2008-04-29","8.5"
"HDFCBANK","2009-06-22","10"
"HDFCBANK","2010-06-10","12"
"HDFCBANK","2011-06-02","16.5"
"HDFCBANK","2005-05-26","4.5"
"HDIL","2008-07-10","3"
"HDIL","2007-08-16","2"
"HEROHONDA","2006-08-14","20"
"HEROHONDA","2009-08-28","20"
"HEROHONDA","2010-08-30","30"
"HEROHONDA","2011-04-20","70"
"HEROHONDA","2010-04-13","80"
"HEROHONDA","2005-07-20","20"
"HEROHONDA","2007-07-10","17"
"HEROHONDA","2008-09-09","19"
"HEXAWARE","2011-05-26","0.5"
"HEXAWARE","2010-08-12","0.6"
"HEXAWARE","2009-08-13","0.6"
"HEXAWARE","2010-04-20","0.8"
"HEXAWARE","2011-01-20","1"
"HEXAWARE","2011-02-24","1.4"
"HEXAWARE","2009-04-27","0.5"
"HEXAWARE","2008-08-13","0.5"
"HEXAWARE","2006-06-22","0.6"
"HEXAWARE","2007-04-18","0.8"
"HEXAWARE","2006-08-02","0.8"
"HEXAWARE","2007-08-02","0.8"
"HINDALCO","2010-08-24","1.35"
"HINDALCO","2009-09-10","1.35"
"HINDALCO","2005-06-29","20"
"HINDALCO","2007-03-16","1.7"
"HINDALCO","2008-08-28","1.85"
"HINDOILEXP","2010-08-23","0.5"
"HINDOILEXP","2008-08-11","1"
"HINDOILEXP","2005-09-02","1"
"HINDOILEXP","2006-08-18","1"
"HINDPETRO","2009-08-13","5.25"
"HINDPETRO","2010-09-03","12"
"HINDPETRO","2005-09-02","10"
"HINDPETRO","2007-08-17","12"
"HINDPETRO","2008-09-02","3"
"HINDPETRO","2006-08-18","3"
"HINDPETRO","2006-12-27","6"
"HINDUNILVR","2006-04-28","2.5"
"HINDUNILVR","2008-03-17","3"
"HINDUNILVR","2007-04-20","3"
"HINDUNILVR","2010-11-01","3"
"HINDUNILVR","2007-11-07","3"
"HINDUNILVR","2010-07-08","3.5"
"HINDUNILVR","2008-08-04","3.5"
"HINDUNILVR","2009-06-12","4"
"HINDZINC","2010-07-22","6"
"HINDZINC","2001-07-02","0.25"
"HINDZINC","2008-08-12","0.5"
"HINDZINC","2007-09-12","0.5"
"HINDZINC","2007-02-08","0.5"
"HINDZINC","2007-11-08","0.5"
"HINDZINC","2009-07-29","0.8"
"HINDZINC","2002-08-19","0.1"
"HOTELEELA","2011-06-21","0.15"
"HOTELEELA","2010-08-04","0.2"
"HOTELEELA","2009-08-14","0.4"
"HOTELEELA","2006-05-12","0.3"
"HOTELEELA","2007-03-20","0.3"
"HOTELEELA","2008-08-07","0.5"
"HOTELEELA","2006-07-14","0.1"
"HOTELEELA","2007-08-03","0.15"
"IBREALEST","2008-08-27","13.5"
"ICICIBANK","2006-07-06","8.5"
"ICICIBANK","2009-06-11","11"
"ICICIBANK","2010-06-10","12"
"ICICIBANK","2011-06-02","14"
"ICICIBANK","2007-06-14","10"
"ICICIBANK","2008-07-10","11"
"ICICIBANK","2005-08-04","8.5"
"IDBI","2007-06-14","1.5"
"IDBI","2008-07-16","2"
"IDBI","2009-07-09","2.5"
"IDBI","2005-08-11","0.75"
"IDFC","2007-06-13","1"
"IDFC","2009-07-07","1.2"
"IDFC","2008-07-10","1.2"
"IDFC","2010-06-17","1.5"
"IDFC","2006-07-19","1"
"IFCI","2009-09-03","0.8"
"IFCI","2010-09-06","1"
"IGL","2009-07-20","4"
"IGL","2010-08-17","4.5"
"IGL","2005-09-02","2"
"IGL","2006-09-04","2.5"
"IGL","2007-09-04","3"
"IGL","2008-07-14","4"
"INDHOTEL","2009-07-17","1.2"
"INDHOTEL","2005-07-05","1"
"INDHOTEL","2006-07-14","1.3"
"INDHOTEL","2007-07-18","1.6"
"INDHOTEL","2008-04-22","1.9"
"INDIACEM","2009-07-31","2"
"INDIACEM","2007-09-14","1"
"INDIACEM","2008-08-14","2"
"INDIAINFO","2006-07-19","1"
"INDIAINFO","2009-08-17","1.2"
"INDIAINFO","2010-01-25","1.8"
"INDIAINFO","2009-01-29","2.8"
"INDIAINFO","2011-03-07","3"
"INDIAINFO","2008-06-26","6"
"INDIAINFO","2007-03-22","0.6"
"INDIANB","2010-03-04","2.5"
"INDIANB","2009-06-18","3"
"INDIANB","2011-05-30","7.5"
"INDIANB","2008-05-22","0.04"
"INDIANB","2009-03-09","2"
"INDIANB","2007-06-15","3"
"INDUSINDBK","2009-06-22","1.2"
"INDUSINDBK","2010-06-17","1.8"
"INDUSINDBK","2011-06-30","2"
"INDUSINDBK","2005-08-18","1.8"
"INDUSINDBK","2008-09-04","0.6"
"INDUSINDBK","2007-08-31","0.6"
"IOB","2010-05-26","3.5"
"IOB","2009-05-21","4.5"
"IOB","2005-05-12","1"
"IOB","2006-05-11","2.6"
"IOB","2007-05-07","3"
"IOB","2008-05-05","3.5"
"IOC","2009-09-02","7.5"
"IOC","2010-09-08","13"
"IOC","2005-09-08","10"
"IOC","2006-09-07","12.5"
"IOC","2007-09-10","13"
"IOC","2008-09-09","5.5"
"IOC","2006-12-26","6"
"IRB","2009-08-27","0.5"
"IRB","2010-09-21","1.5"
"IRB","2009-02-12","1"
"ITC","2006-07-10","2.65"
"ITC","2007-07-16","3.1"
"ITC","2008-07-16","3.5"
"ITC","2009-07-13","3.7"
"ITC","2011-06-10","4.45"
"ITC","2010-06-09","10"
"ITC","2005-07-18","31"
"IVRCLINFRA","2010-09-08","0.8"
"IVRCLINFRA","2007-08-31","1"
"IVRCLINFRA","2009-09-01","1.4"
"IVRCLINFRA","2005-09-22","0.6"
"IVRCLINFRA","2006-09-22","1"
"IVRCLINFRA","2008-09-09","1.4"
"JETAIRWAYS","2005-09-14","3"
"JETAIRWAYS","2006-09-07","6"
"JETAIRWAYS","2007-09-13","6"
"JINDALSAW","2010-09-09","1.25"
"JINDALSAW","2005-12-23","4"
"JINDALSAW","2009-06-15","5"
"JINDALSAW","2006-12-22","5"
"JINDALSAW","2008-03-19","6.25"
"JINDALSTEL","2010-09-13","1.25"
"JINDALSTEL","2009-09-14","5.5"
"JINDALSTEL","2007-02-05","1.2"
"JINDALSTEL","2005-07-07","2"
"JINDALSTEL","2006-09-14","2"
"JINDALSTEL","2007-09-06","2.4"
"JINDALSTEL","2008-09-12","2.5"
"JISLJALEQS","2006-09-14","1.8"
"JISLJALEQS","2007-09-13","2"
"JISLJALEQS","2009-09-10","2.5"
"JISLJALEQS","2010-09-16","4.5"
"JISLJALEQS","2008-09-11","0.44"
"JPASSOCIAT","2008-01-28","0.3"
"JPASSOCIAT","2011-02-08","0.4"
"JPASSOCIAT","2009-09-22","0.4"
"JPASSOCIAT","2010-09-15","0.54"
"JPASSOCIAT","2009-10-29","0.54"
"JPASSOCIAT","2005-09-14","0.6"
"JPASSOCIAT","2006-10-16","0.9"
"JPASSOCIAT","2007-08-23","1.6"
"JPASSOCIAT","2007-07-23","0.3"
"JPASSOCIAT","2008-10-29","0.3"
"JPASSOCIAT","2009-05-07","0.3"
"JPASSOCIAT","2008-08-18","0.4"
"JPPOWER","2009-08-10","0.75"
"JPPOWER","2007-09-11","0.75"
"JPPOWER","2008-07-31","0.75"
"JPPOWER","2005-08-31","0.75"
"JPPOWER","2008-10-29","0.75"
"JSWSTEEL","2009-06-29","1"
"JSWSTEEL","2010-06-14","9.5"
"JSWSTEEL","2007-03-20","12.5"
"JSWSTEEL","2008-05-21","14"
"JSWSTEEL","2005-04-29","5"
"JSWSTEEL","2006-06-15","8"
"KOTAKBANK","2009-07-14","0.75"
"KOTAKBANK","2010-06-30","0.85"
"KOTAKBANK","2005-07-15","0.625"
"KOTAKBANK","2006-07-07","0.3"
"KOTAKBANK","2007-06-22","0.35"
"KOTAKBANK","2008-07-14","0.375"
"KSOILS","2010-09-23","0.18"
"KSOILS","2009-09-24","0.18"
"KSOILS","2007-06-15","0.15"
"KSOILS","2008-09-12","0.18"
"KTKBANK","2010-07-15","4"
"KTKBANK","2009-07-23","6"
"KTKBANK","2005-07-07","2"
"KTKBANK","2006-06-29","3"
"KTKBANK","2007-06-22","3.5"
"KTKBANK","2008-07-03","5"
"LICHSGFIN","2009-06-29","13"
"LICHSGFIN","2008-06-13","2"
"LICHSGFIN","2007-06-28","0.6"
"LICHSGFIN","2005-07-26","1"
"LICHSGFIN","2007-03-26","1"
"LICHSGFIN","2006-07-19","1.2"
"LT","2007-08-14","2"
"LT","2007-07-17","2"
"LT","2009-08-18","10.5"
"LT","2010-08-17","12.5"
"LT","2008-08-20","15"
"LT","2005-08-12","17.5"
"LUPIN","2009-07-20","12.5"
"LUPIN","2010-07-19","13.5"
"LUPIN","2008-07-11","2"
"LUPIN","2007-07-10","1"
"LUPIN","2006-07-07","1.3"
"LUPIN","2005-07-15","1.3"
"M&M","2010-07-08","9.5"
"M&M","2009-07-09","10"
"M&M","2006-06-29","5"
"M&M","2008-07-03","5.75"
"M&M","2005-06-29","6.5"
"M&M","2007-07-05","2"
"M&M","2007-03-23","3.75"
"MARUTI","2009-08-18","3.5"
"MARUTI","2007-08-22","4.5"
"MARUTI","2010-08-24","6"
"MARUTI","2008-08-14","5"
"MCDOWELL-N","2009-09-22","2"
"MCDOWELL-N","2010-09-21","2.5"
"MCDOWELL-N","2007-11-20","1"
"MCDOWELL-N","2008-12-19","1.5"
"MCDOWELL-N","2007-03-22","1.5"
"MCDOWELL-N","2006-12-08","2"
"MCDOWELL-N","2005-09-13","2"
"MCLEODRUSS","2007-07-18","1"
"MCLEODRUSS","2009-07-17","2"
"MCLEODRUSS","2010-07-22","4"
"MCLEODRUSS","2008-07-18","1"
"MLL","2010-08-30","0.2"
"MLL","2009-09-14","0.5"
"MLL","2005-09-16","1"
"MLL","2007-09-12","1"
"MLL","2008-07-03","1.1"
"MLL","2006-07-20","0.3"
"MOSERBAER","2010-09-27","0.6"
"MOSERBAER","2009-09-03","0.6"
"MOSERBAER","2008-07-29","1"
"MOSERBAER","2005-07-28","1"
"MOSERBAER","2006-07-13","1"
"MOSERBAER","2007-06-11","1.5"
"MPHASIS","2009-01-22","2"
"MPHASIS","2006-08-24","3"
"MPHASIS","2005-09-22","3"
"MPHASIS","2007-09-07","3"
"MPHASIS","2008-07-16","3.3"
"MPHASIS","2010-02-10","3.5"
"MPHASIS","2011-02-10","4"
"MRF","2011-01-28","34"
"MRF","2009-03-06","14"
"MRF","2006-03-10","14"
"MRF","2007-03-09","14"
"MRF","2008-03-05","14"
"MRF","2008-08-08","3"
"MRF","2006-08-03","3"
"MRF","2007-11-07","3"
"MRF","2008-11-06","3"
"MRF","2006-11-14","3"
"MRPL","2006-08-16","0.7"
"MRPL","2007-08-01","0.8"
"MRPL","2008-06-18","1.2"
"MRPL","2009-08-06","1.2"
"MRPL","2010-07-15","1.2"
"MRPL","2005-08-11","1"
"MTNL","2008-09-22","1"
"MTNL","2006-09-18","1"
"MTNL","2007-09-19","1"
"MTNL","2005-09-14","2.5"
"MTNL","2008-02-21","3"
"MTNL","2007-02-19","3"
"MUNDRAPORT","2011-05-05","0.4"
"MUNDRAPORT","2011-02-14","0.5"
"MUNDRAPORT","2009-08-17","1"
"MUNDRAPORT","2010-08-09","1.5"
"MUNDRAPORT","2010-02-03","2.5"
"MUNDRAPORT","2008-09-12","0.3"
"NAGARFERT","2010-07-14","0.5"
"NATIONALUM","2010-08-27","1"
"NATIONALUM","2009-09-04","1.5"
"NATIONALUM","2010-03-23","1.5"
"NATIONALUM","2011-02-07","2"
"NATIONALUM","2008-09-01","0.75"
"NATIONALUM","2007-03-22","0.75"
"NATIONALUM","2005-09-23","1"
"NATIONALUM","2007-09-14","1.25"
"NATIONALUM","2006-09-22","1.5"
"NATIONALUM","2009-02-12","1.75"
"NATIONALUM","2007-02-06","1.75"
"NATIONALUM","2008-02-13","2.25"
"NCC","2009-07-14","1.1"
"NCC","2010-07-22","1.3"
"NCC","2007-07-12","0.4"
"NCC","2007-03-26","0.8"
"NCC","2005-07-21","1.2"
"NCC","2008-07-17","1.3"
"NCC","2006-08-10","1.6"
"NEYVELILIG","2010-08-18","1"
"NEYVELILIG","2009-08-20","2"
"NEYVELILIG","2008-08-14","1"
"NEYVELILIG","2008-02-05","1"
"NEYVELILIG","2007-08-16","1.2"
"NEYVELILIG","2005-09-14","1.4"
"NHPC","2010-09-07","0.55"
"NMDC","2010-02-04","0.75"
"NMDC","2010-07-29","1"
"NMDC","2011-02-10","1.15"
"NMDC","2009-08-20","1.18"
"NMDC","2009-02-18","1.03"
"NMDC","2008-08-04","0.54"
"NTPC","2010-09-08","0.8"
"NTPC","2009-09-03","0.8"
"NTPC","2011-02-04","3"
"NTPC","2005-09-08","1.2"
"NTPC","2007-02-02","2.4"
"NTPC","2008-02-04","2.7"
"NTPC","2009-01-29","2.8"
"NTPC","2006-08-30","0.8"
"NTPC","2008-08-28","0.8"
"NTPC","2007-08-30","0.8"
"OFSS","2006-08-03","5"
"OFSS","2005-08-04","5"
"OIL","2010-09-16","16"
"ONGC","2009-09-11","14"
"ONGC","2010-09-09","15"
"ONGC","2007-12-26","18"
"ONGC","2010-12-20","32"
"ONGC","2007-09-10","6.5"
"ONGC","2008-09-08","7"
"ONGC","2008-12-23","9"
"ONGC","2006-12-27","9"
"ONGC","2005-09-01","10"
"ONGC","2006-09-06","10"
"OPTOCIRCUI","2010-09-21","4"
"OPTOCIRCUI","2005-07-08","3.5"
"OPTOCIRCUI","2006-09-20","4"
"OPTOCIRCUI","2008-09-24","5"
"OPTOCIRCUI","2007-09-18","5"
"ORBITCORP","2010-05-25","1.5"
"ORBITCORP","2007-08-16","1.5"
"ORBITCORP","2008-02-05","1.5"
"ORBITCORP","2008-07-31","2.5"
"ORCHIDCHEM","2009-09-17","1"
"ORCHIDCHEM","2010-07-12","10"
"ORCHIDCHEM","2008-09-18","3"
"ORCHIDCHEM","2007-07-12","3"
"ORCHIDCHEM","2006-05-30","3"
"ORCHIDCHEM","2005-07-13","4"
"ORIENTBANK","2010-06-14","9.1"
"ORIENTBANK","2011-06-14","10.4"
"ORIENTBANK","2007-03-07","2"
"ORIENTBANK","2007-06-06","2.7"
"ORIENTBANK","2005-06-29","3"
"ORIENTBANK","2006-06-01","4.5"
"ORIENTBANK","2008-06-09","4.7"
"ORIENTBANK","2009-06-16","7.3"
"PANTALOONR","2007-11-07","0.5"
"PANTALOONR","2009-11-25","0.6"
"PANTALOONR","2010-10-20","0.8"
"PANTALOONR","2006-11-08","2.5"
"PANTALOONR","2005-11-11","2.5"
"PANTALOONR","2008-11-05","0.6"
"PATELENG","2009-07-20","0.95"
"PATELENG","2008-07-28","1"
"PATELENG","2007-10-29","1.3"
"PATELENG","2007-03-21","1.3"
"PATELENG","2006-09-07","0.3"
"PATELENG","2005-09-22","0.6"
"PATNI","2009-06-16","3"
"PATNI","2010-06-14","3"
"PATNI","2010-08-30","63"
"PATNI","2005-06-07","2"
"PATNI","2006-06-13","2.5"
"PATNI","2008-06-17","3"
"PATNI","2007-06-12","3"
"PETRONET","2009-06-11","1.75"
"PETRONET","2010-06-10","1.75"
"PETRONET","2011-06-16","2"
"PETRONET","2007-05-30","1.25"
"PETRONET","2008-05-22","1.5"
"PFC","2009-09-07","1.35"
"PFC","2010-09-03","1.5"
"PFC","2011-01-21","3.5"
"PFC","2008-07-14","1"
"PFC","2007-09-07","1"
"PFC","2008-02-11","2.5"
"PFC","2009-02-24","2.65"
"PIRHEALTH","2006-06-15","3"
"PIRHEALTH","2009-06-05","4.2"
"PIRHEALTH","2010-06-29","5.4"
"PIRHEALTH","2007-03-23","3"
"PIRHEALTH","2005-06-24","3"
"PIRHEALTH","2008-06-16","4.2"
"PIRHEALTH","2007-05-31","0.5"
"PNB","2007-06-07","6"
"PNB","2010-07-08","12"
"PNB","2009-06-04","20"
"PNB","2011-06-16","22"
"PNB","2008-05-29","13"
"PNB","2006-06-22","3"
"PNB","2007-02-14","4"
"POLARIS","2009-07-09","1.25"
"POLARIS","2010-07-08","1.75"
"POLARIS","2010-02-04","1.75"
"POLARIS","2006-08-07","1.25"
"POLARIS","2007-04-04","1.25"
"POLARIS","2008-07-09","1.5"
"POLARIS","2009-02-05","1.5"
"POLARIS","2005-07-08","1.75"
"POWERGRID","2011-02-11","0.5"
"POWERGRID","2010-01-11","0.5"
"POWERGRID","2009-08-21","0.7"
"POWERGRID","2010-09-07","1"
"POWERGRID","2008-03-10","0.5"
"POWERGRID","2009-02-04","0.5"
"POWERGRID","2008-09-01","0.7"
"PRAJIND","2010-01-28","1.44"
"PRAJIND","2008-02-07","1.98"
"PRAJIND","2006-10-19","0.9"
"PRAJIND","2009-02-06","1.6"
"PTC","2009-09-17","1.2"
"PTC","2010-09-16","1.2"
"PTC","2008-07-24","1"
"PTC","2007-09-13","1"
"PTC","2006-07-05","1"
"PTC","2005-09-21","0.8"
"PUNJLLOYD","2010-07-23","0.15"
"PUNJLLOYD","2009-07-20","0.3"
"PUNJLLOYD","2006-09-13","0.2"
"PUNJLLOYD","2007-07-18","0.3"
"PUNJLLOYD","2008-07-17","0.4"
"RANBAXY","2011-04-28","2"
"RANBAXY","2007-11-01","2.5"
"RANBAXY","2008-05-21","6"
"RANBAXY","2006-06-15","6"
"RANBAXY","2006-11-02","2.5"
"RAYMOND","2011-05-18","1"
"RAYMOND","2008-05-30","2.5"
"RAYMOND","2005-05-30","4"
"RAYMOND","2007-05-30","5"
"RAYMOND","2006-06-06","5"
"RCOM","2009-08-04","0.8"
"RCOM","2010-09-13","0.85"
"RCOM","2007-07-05","0.5"
"RCOM","2008-09-19","0.75"
"RECLTD","2009-09-03","2.5"
"RECLTD","2010-08-24","3.5"
"RECLTD","2011-02-11","3.5"
"RECLTD","2008-09-08","3"
"RELCAPITAL","2007-05-30","3.5"
"RELCAPITAL","2008-06-18","5.5"
"RELCAPITAL","2010-09-13","6.5"
"RELCAPITAL","2009-06-30","6.5"
"RELCAPITAL","2005-05-30","3"
"RELIANCE","2010-05-10","7"
"RELIANCE","2008-05-08","13"
"RELINFRA","2006-05-25","3.8"
"RELINFRA","2007-06-28","5.3"
"RELINFRA","2010-05-19","7.1"
"RELINFRA","2005-05-30","1.4"
"RELINFRA","2008-07-04","6.3"
"RELMEDIA","2008-07-30","2.5"
"RELMEDIA","2005-09-20","2"
"RELMEDIA","2006-07-21","2.25"
"RELMEDIA","2007-10-19","2.5"
"RENUKA","2010-10-05","1"
"RENUKA","2009-10-06","1"
"RENUKA","2008-12-22","0.2"
"RENUKA","2005-12-21","0.2"
"RENUKA","2006-12-14","0.2"
"RENUKA","2007-12-19","0.2"
"ROLTA","2008-11-12","3"
"ROLTA","2009-11-13","3"
"ROLTA","2010-11-15","3.25"
"ROLTA","2005-11-11","3.5"
"ROLTA","2006-11-17","4"
"ROLTA","2007-11-07","5"
"RUCHISOYA","2010-09-23","0.5"
"RUCHISOYA","2009-09-17","0.5"
"RUCHISOYA","2005-09-15","0.4"
"RUCHISOYA","2006-12-21","0.44"
"RUCHISOYA","2007-09-20","0.48"
"RUCHISOYA","2008-09-18","0.5"
"SAIL","2011-01-18","1.2"
"SAIL","2009-07-30","1.3"
"SAIL","2010-02-01","1.6"
"SAIL","2010-07-29","1.7"
"SAIL","2009-01-30","1.3"
"SAIL","2007-08-08","1.5"
"SAIL","2007-02-01","1.6"
"SAIL","2008-07-31","1.8"
"SAIL","2005-08-11","1.8"
"SAIL","2008-02-01","1.9"
"SAIL","2006-08-10","0.75"
"SBIN","2005-06-17","12.5"
"SBIN","2006-06-19","14"
"SBIN","2010-06-09","20"
"SBIN","2008-05-29","21.5"
"SBIN","2011-05-20","30"
"SCI","2005-09-16","3"
"SCI","2011-02-11","3"
"SCI","2010-09-20","5"
"SCI","2009-09-18","6.5"
"SCI","2007-04-03","8.5"
"SCI","2008-09-19","4"
"SCI","2008-02-27","4.5"
"SESAGOA","2009-07-31","2.25"
"SESAGOA","2010-07-02","3.25"
"SESAGOA","2011-06-30","3.5"
"SESAGOA","2007-09-21","25"
"SESAGOA","2005-07-11","2"
"SESAGOA","2008-07-11","3"
"SIEMENS","2008-01-14","4.8"
"SIEMENS","2006-01-06","2"
"SIEMENS","2009-01-14","3"
"SIEMENS","2007-01-02","3.8"
"SINTEX","2009-09-25","1.1"
"SINTEX","2010-09-09","1.2"
"SINTEX","2005-08-30","0.4"
"SINTEX","2006-06-13","0.44"
"SINTEX","2007-06-13","0.48"
"SINTEX","2008-08-28","0.5"
"SOBHA","2009-06-11","1"
"SOBHA","2010-06-03","2.5"
"SOBHA","2007-08-02","5.5"
"SOBHA","2008-07-16","6.5"
"SREINFRA","2009-08-26","1"
"SREINFRA","2010-07-21","1.2"
"SREINFRA","2007-08-13","1"
"SREINFRA","2008-09-10","1.2"
"SREINFRA","2005-07-12","1.5"
"SREINFRA","2006-06-06","1.65"
"SRTRANSFIN","2006-12-13","1"
"SRTRANSFIN","2007-12-17","1"
"SRTRANSFIN","2010-11-08","2.5"
"SRTRANSFIN","2008-07-24","4"
"SRTRANSFIN","2010-06-03","4"
"SRTRANSFIN","2009-07-16","4"
"SRTRANSFIN","2011-06-10","4"
"SRTRANSFIN","2008-11-10","1"
"SRTRANSFIN","2005-08-30","1.5"
"SRTRANSFIN","2007-08-10","2"
"SRTRANSFIN","2006-07-13","2"
"STER","2009-09-14","3.5"
"STER","2010-05-19","3.75"
"STER","2008-08-14","2"
"STER","2005-08-23","0.6"
"STER","2006-09-08","0.625"
"STRTECH","2010-07-05","0.5"
"STRTECH","2006-08-09","0.2"
"STRTECH","2007-07-06","0.3"
"STRTECH","2008-07-23","0.4"
"STRTECH","2009-07-16","0.5"
"SUNPHARMA","2009-08-21","13.75"
"SUNPHARMA","2010-09-09","13.75"
"SUNPHARMA","2006-09-06","1.1"
"SUNPHARMA","2007-03-15","1.35"
"SUNPHARMA","2008-08-25","2.1"
"SUNPHARMA","2005-09-19","0.75"
"SUNTV","2009-08-20","1"
"SUNTV","2010-01-28","1.5"
"SUNTV","2011-02-02","5"
"SUNTV","2010-07-22","6"
"SUNTV","2006-09-13","1"
"SUNTV","2007-07-23","1"
"SUNTV","2009-02-02","1.5"
"SUNTV","2007-02-13","1.5"
"SUNTV","2008-08-12","2.5"
"SUZLON","2008-07-17","1"
"SUZLON","2006-07-06","2.5"
"SYNDIBANK","2010-06-16","3"
"SYNDIBANK","2011-06-15","3.7"
"SYNDIBANK","2006-06-19","1"
"SYNDIBANK","2008-06-13","1.3"
"SYNDIBANK","2007-06-12","1.3"
"SYNDIBANK","2005-05-20","1.4"
"SYNDIBANK","2009-06-17","1.5"
"SYNDIBANK","2009-04-20","1.5"
"SYNDIBANK","2008-03-28","1.5"
"SYNDIBANK","2006-12-06","1.5"
"TATACHEM","2005-06-29","6.5"
"TATACHEM","2006-06-29","7"
"TATACHEM","2007-07-06","8"
"TATACHEM","2008-07-18","9"
"TATACHEM","2009-07-14","9"
"TATACOMM","2006-08-11","4.5"
"TATACOMM","2008-07-24","4.5"
"TATACOMM","2007-07-13","4.5"
"TATACOMM","2009-07-22","4.5"
"TATACOMM","2005-08-30","6"
"TATAGLOBAL","2010-08-05","2"
"TATAGLOBAL","2006-07-21","12"
"TATAGLOBAL","2007-07-23","15"
"TATAGLOBAL","2009-08-13","17.5"
"TATAGLOBAL","2008-08-01","35"
"TATAGLOBAL","2005-07-21","1"
"TATAMOTORS","2008-06-16","15"
"TATAMOTORS","2005-06-23","12.5"
"TATAMOTORS","2006-06-23","13"
"TATAMOTORS","2007-06-01","15"
"TATAMTRDVR","2009-08-03","6.5"
"TATAMTRDVR","2010-08-10","15.5"
"TATAPOWER","2009-07-14","11.5"
"TATAPOWER","2008-08-18","10.5"
"TATAPOWER","2005-07-12","7.5"
"TATAPOWER","2006-07-07","8.5"
"TATAPOWER","2007-07-17","9.5"
"TATASTEEL","2010-07-12","8"
"TATASTEEL","2009-07-06","16"
"TATASTEEL","2006-05-26","13"
"TATASTEEL","2005-06-07","13"
"TATASTEEL","2007-06-08","15.5"
"TATASTEEL","2008-07-18","16"
"TCS","2008-07-31","3"
"TCS","2007-10-22","3"
"TCS","2008-01-23","3"
"TCS","2009-01-28","3"
"TCS","2007-06-15","4"
"TCS","2008-06-18","5"
"TCS","2010-06-15","14"
"TCS","2006-06-16","4.5"
"TCS","2005-07-06","5"
"TECHM","2010-07-21","3.5"
"TECHM","2007-03-21","1.5"
"TECHM","2008-10-27","4"
"TECHM","2008-07-17","5.5"
"TITAN","2009-07-10","10"
"TITAN","2005-08-12","0.2"
"TITAN","2006-08-04","0.3"
"TITAN","2007-07-11","0.5"
"TITAN","2008-07-15","0.8"
"TRIVENI","2011-02-11","0.35"
"TRIVENI","2010-05-18","0.4"
"TRIVENI","2009-12-22","0.7"
"TRIVENI","2007-12-14","0.1"
"TRIVENI","2007-06-14","0.15"
"TRIVENI","2009-05-11","0.3"
"TRIVENI","2006-11-02","0.35"
"TRIVENI","2006-06-26","0.5"
"TRIVENI","2008-12-18","0.6"
"TULIP","2010-08-18","1.6"
"TULIP","2006-09-18","0.2"
"TULIP","2008-09-18","0.4"
"TULIP","2007-09-21","0.4"
"TV-18","2007-11-16","1.25"
"TV-18","2008-05-13","1.5"
"TV-18","2007-03-22","4"
"TVSMOTOR","2007-08-10","0.15"
"TVSMOTOR","2011-01-25","0.5"
"TVSMOTOR","2010-07-26","0.5"
"TVSMOTOR","2008-08-06","0.7"
"TVSMOTOR","2006-10-27","0.7"
"TVSMOTOR","2010-01-25","0.7"
"TVSMOTOR","2009-06-29","0.7"
"TVSMOTOR","2005-06-03","0.6"
"TVSMOTOR","2006-07-03","0.6"
"UCOBANK","2009-06-16","1"
"UCOBANK","2010-06-23","1.5"
"UCOBANK","2008-06-19","1"
"UCOBANK","2005-06-01","1"
"ULTRACEMCO","2005-08-11","0.75"
"ULTRACEMCO","2009-07-09","5"
"ULTRACEMCO","2010-06-21","6"
"ULTRACEMCO","2008-07-09","5"
"UNIONBANK","2009-06-18","5"
"UNIONBANK","2010-06-24","5.5"
"UNIONBANK","2011-06-16","8"
"UNIONBANK","2005-06-07","1.5"
"UNIONBANK","2007-01-11","1.5"
"UNIONBANK","2007-06-14","2"
"UNIONBANK","2006-06-08","3.5"
"UNIONBANK","2008-06-17","4"
"UNIPHOS","2009-09-03","1.5"
"UNIPHOS","2010-08-26","2"
"UNIPHOS","2008-09-04","2"
"UNIPHOS","2005-08-17","0.8"
"UNIPHOS","2006-09-07","1"
"UNIPHOS","2007-03-21","1.2"
"UNITECH","2009-08-06","0.1"
"UNITECH","2010-09-02","0.2"
"UNITECH","2006-08-17","0.2"
"UNITECH","2008-08-25","0.25"
"UNITECH","2007-07-20","0.5"
"UNITECH","2005-09-15","0.8"
"VIDEOIND","2009-03-13","1"
"VIDEOIND","2011-06-14","1"
"VIDEOIND","2010-03-18","2"
"VIDEOIND","2006-03-16","2.5"
"VIDEOIND","2007-03-15","3.5"
"VIDEOIND","2008-03-14","3.5"
"VIJAYABANK","2009-07-02","1"
"VIJAYABANK","2010-07-02","2.5"
"VIJAYABANK","2011-06-17","2.5"
"VIJAYABANK","2007-06-18","1"
"VIJAYABANK","2006-05-11","1"
"VIJAYABANK","2006-11-06","1"
"VIJAYABANK","2008-06-12","2"
"VOLTAS","2009-07-10","1.6"
"VOLTAS","2010-07-16","2"
"VOLTAS","2007-07-06","1"
"VOLTAS","2008-06-27","1.35"
"VOLTAS","2005-07-29","0.5"
"VOLTAS","2006-07-07","0.6"
"WELCORP","2009-06-08","1.5"
"WELCORP","2006-09-21","0.5"
"WELCORP","2007-07-09","1"
"WELCORP","2008-07-29","1.5"
"WIPRO","2007-06-28","1"
"WIPRO","2011-01-27","2"
"WIPRO","2009-06-29","4"
"WIPRO","2008-06-27","4"
"WIPRO","2011-06-29","4"
"WIPRO","2005-06-29","5"
"WIPRO","2006-06-29","5"
"YESBANK","2010-06-24","1.5"
"YESBANK","2011-06-17","2.5"
"ZEEL","2009-08-06","2"
"ZEEL","2010-10-07","2"
"ZEEL","2010-04-29","2"
"ZEEL","2005-09-20","1"
"ZEEL","2006-12-18","1"
"ZEEL","2007-08-08","1.5"
"ZEEL","2008-07-17","2"
